County,State,FIP (NOT STANDARIZED),% Rural
Autauga County,AL,1001,42
Baldwin County,AL,1003,42.3
Barbour County,AL,1005,67.8
Bibb County,AL,1007,68.4
Blount County,AL,1009,90
Bullock County,AL,1011,51.4
Butler County,AL,1013,71.2
Calhoun County,AL,1015,33.7
Chambers County,AL,1017,49.1
Cherokee County,AL,1019,85.7
Chilton County,AL,1021,86.7
Choctaw County,AL,1023,100
Clarke County,AL,1025,76
Clay County,AL,1027,100
Cleburne County,AL,1029,100
Coffee County,AL,1031,47.2
Colbert County,AL,1033,43.9
Conecuh County,AL,1035,80.9
Coosa County,AL,1037,100
Covington County,AL,1039,69.7
Crenshaw County,AL,1041,100
Cullman County,AL,1043,73.2
Dale County,AL,1045,50.9
Dallas County,AL,1047,45.6
DeKalb County,AL,1049,90.1
Elmore County,AL,1051,54.2
Escambia County,AL,1053,63.5
Etowah County,AL,1055,37.5
Fayette County,AL,1057,80.2
Franklin County,AL,1059,70.4
Geneva County,AL,1061,89.6
Greene County,AL,1063,100
Hale County,AL,1065,89.2
Henry County,AL,1067,87.8
Houston County,AL,1069,33.8
Jackson County,AL,1071,77
Jefferson County,AL,1073,9.8
Lamar County,AL,1075,100
Lauderdale County,AL,1077,49.3
Lawrence County,AL,1079,91.3
Lee County,AL,1081,27.4
Limestone County,AL,1083,57.6
Lowndes County,AL,1085,100
Macon County,AL,1087,55.5
Madison County,AL,1089,16.4
Marengo County,AL,1091,69.3
Marion County,AL,1093,88.9
Marshall County,AL,1095,53.3
Mobile County,AL,1097,20
Monroe County,AL,1099,79
Montgomery County,AL,1101,10.5
Morgan County,AL,1103,38.6
Perry County,AL,1105,100
Pickens County,AL,1107,100
Pike County,AL,1109,51.7
Randolph County,AL,1111,81.3
Russell County,AL,1113,35.4
St. Clair County,AL,1115,72.8
Shelby County,AL,1117,22.9
Sumter County,AL,1119,100
Talladega County,AL,1121,55.8
Tallapoosa County,AL,1123,74.2
Tuscaloosa County,AL,1125,25.5
Walker County,AL,1127,74.1
Washington County,AL,1129,100
Wilcox County,AL,1131,100
Winston County,AL,1133,84.9
Aleutians East Borough,AK,2013,100
Aleutians West Census Area,AK,2016,100
Anchorage Municipality,AK,2020,4.1
Bethel Census Area,AK,2050,73.9
Bristol Bay Borough,AK,2060,100
Denali Borough,AK,2068,100
Dillingham Census Area,AK,2070,100
Fairbanks North Star Borough,AK,2090,30.9
Haines Borough,AK,2100,100
Hoonah-Angoon Census Area,AK,2105,100
Juneau City and Borough,AK,2110,21.5
Kenai Peninsula Borough,AK,2122,79.3
Ketchikan Gateway Borough,AK,2130,23.2
Kodiak Island Borough,AK,2150,31.3
Lake and Peninsula Borough,AK,2164,100
Matanuska-Susitna Borough,AK,2170,50.3
Nome Census Area,AK,2180,66.1
North Slope Borough,AK,2185,59.3
Northwest Arctic Borough,AK,2188,57.5
Petersburg Census Area,AK,2195,100
Prince of Wales-Hyder Census Area,AK,2198,100
Sitka City and Borough,AK,2220,20.9
Skagway Municipality,AK,2230,100
Southeast Fairbanks Census Area,AK,2240,100
Valdez-Cordova Census Area,AK,2261,100
Wrangell City and Borough,AK,2275,100
Yakutat City and Borough,AK,2282,100
Yukon-Koyukuk Census Area,AK,2290,100
Apache County,AZ,4001,74.1
Cochise County,AZ,4003,36.3
Coconino County,AZ,4005,31.5
Gila County,AZ,4007,41.1
Graham County,AZ,4009,46.4
Greenlee County,AZ,4011,46.6
La Paz County,AZ,4012,56.3
Maricopa County,AZ,4013,2.4
Mohave County,AZ,4015,23
Navajo County,AZ,4017,54.1
Pima County,AZ,4019,7.5
Pinal County,AZ,4021,21.9
Santa Cruz County,AZ,4023,26.9
Yavapai County,AZ,4025,33.2
Yuma County,AZ,4027,10.4
Arkansas County,AR,5001,34.7
Ashley County,AR,5003,51.7
Baxter County,AR,5005,65.8
Benton County,AR,5007,25.2
Boone County,AR,5009,62.2
Bradley County,AR,5011,49.6
Calhoun County,AR,5013,100
Carroll County,AR,5015,72.8
Chicot County,AR,5017,54.3
Clark County,AR,5019,54.4
Clay County,AR,5021,58.9
Cleburne County,AR,5023,75.5
Cleveland County,AR,5025,100
Columbia County,AR,5027,57.5
Conway County,AR,5029,70.5
Craighead County,AR,5031,32.2
Crawford County,AR,5033,52
Crittenden County,AR,5035,20.9
Cross County,AR,5037,56.8
Dallas County,AR,5039,52.6
Desha County,AR,5041,31.4
Drew County,AR,5043,48.6
Faulkner County,AR,5045,38.8
Franklin County,AR,5047,82.6
Fulton County,AR,5049,92.9
Garland County,AR,5051,36.9
Grant County,AR,5053,75
Greene County,AR,5055,41.5
Hempstead County,AR,5057,55.8
Hot Spring County,AR,5059,66
Howard County,AR,5061,67.5
Independence County,AR,5063,68.6
Izard County,AR,5065,100
Jackson County,AR,5067,65.1
Jefferson County,AR,5069,30.9
Johnson County,AR,5071,71.4
Lafayette County,AR,5073,100
Lawrence County,AR,5075,63.6
Lee County,AR,5077,63.5
Lincoln County,AR,5079,100
Little River County,AR,5081,68.5
Logan County,AR,5083,71
Lonoke County,AR,5085,44.8
Madison County,AR,5087,100
Marion County,AR,5089,100
Miller County,AR,5091,40
Mississippi County,AR,5093,36.3
Monroe County,AR,5095,69
Montgomery County,AR,5097,100
Nevada County,AR,5099,69.2
Newton County,AR,5101,100
Ouachita County,AR,5103,56.3
Perry County,AR,5105,100
Phillips County,AR,5107,48
Pike County,AR,5109,100
Poinsett County,AR,5111,71.1
Polk County,AR,5113,73.4
Pope County,AR,5115,54.5
Prairie County,AR,5117,100
Pulaski County,AR,5119,12.3
Randolph County,AR,5121,67.4
St. Francis County,AR,5123,51.6
Saline County,AR,5125,36.2
Scott County,AR,5127,70.4
Searcy County,AR,5129,100
Sebastian County,AR,5131,20.8
Sevier County,AR,5133,63.6
Sharp County,AR,5135,80.1
Stone County,AR,5137,100
Union County,AR,5139,54.5
Van Buren County,AR,5141,100
Washington County,AR,5143,25.5
White County,AR,5145,54.3
Woodruff County,AR,5147,100
Yell County,AR,5149,79.1
Alameda County,CA,6001,0.4
Alpine County,CA,6003,100
Amador County,CA,6005,60.4
Butte County,CA,6007,18.9
Calaveras County,CA,6009,75.4
Colusa County,CA,6011,31.7
Contra Costa County,CA,6013,0.8
Del Norte County,CA,6015,33.7
El Dorado County,CA,6017,34.7
Fresno County,CA,6019,10.8
Glenn County,CA,6021,40.9
Humboldt County,CA,6023,29.8
Imperial County,CA,6025,17.4
Inyo County,CA,6027,46.4
Kern County,CA,6029,10.2
Kings County,CA,6031,10.9
Lake County,CA,6033,33.1
Lassen County,CA,6035,70.5
Los Angeles County,CA,6037,0.6
Madera County,CA,6039,32.9
Marin County,CA,6041,6.5
Mariposa County,CA,6043,100
Mendocino County,CA,6045,45.2
Merced County,CA,6047,14.3
Modoc County,CA,6049,70
Mono County,CA,6051,45.8
Monterey County,CA,6053,9.8
Napa County,CA,6055,13.4
Nevada County,CA,6057,42.1
Orange County,CA,6059,0.1
Placer County,CA,6061,13.8
Plumas County,CA,6063,74
Riverside County,CA,6065,4.6
Sacramento County,CA,6067,2.1
San Benito County,CA,6069,24
San Bernardino County,CA,6071,4.7
San Diego County,CA,6073,3.3
San Francisco County,CA,6075,0
San Joaquin County,CA,6077,8.5
San Luis Obispo County,CA,6079,16.6
San Mateo County,CA,6081,1.9
Santa Barbara County,CA,6083,5
Santa Clara County,CA,6085,1.1
Santa Cruz County,CA,6087,12
Shasta County,CA,6089,29.3
Sierra County,CA,6091,99.7
Siskiyou County,CA,6093,65.8
Solano County,CA,6095,3.7
Sonoma County,CA,6097,12.4
Stanislaus County,CA,6099,8
Sutter County,CA,6101,14.8
Tehama County,CA,6103,51.5
Trinity County,CA,6105,100
Tulare County,CA,6107,15.5
Tuolumne County,CA,6109,49
Ventura County,CA,6111,3.1
Yolo County,CA,6113,6.9
Yuba County,CA,6115,26.2
Adams County,CO,8001,3.6
Alamosa County,CO,8003,36.9
Arapahoe County,CO,8005,1.6
Archuleta County,CO,8007,59.4
Baca County,CO,8009,100
Bent County,CO,8011,38
Boulder County,CO,8013,8.9
Broomfield County,CO,8014,0.6
Chaffee County,CO,8015,37.4
Cheyenne County,CO,8017,100
Clear Creek County,CO,8019,100
Conejos County,CO,8021,100
Costilla County,CO,8023,100
Crowley County,CO,8025,100
Custer County,CO,8027,100
Delta County,CO,8029,63.2
Denver County,CO,8031,0
Dolores County,CO,8033,100
Douglas County,CO,8035,10.3
Eagle County,CO,8037,20
Elbert County,CO,8039,100
El Paso County,CO,8041,8.9
Fremont County,CO,8043,26.4
Garfield County,CO,8045,24.1
Gilpin County,CO,8047,100
Grand County,CO,8049,82.6
Gunnison County,CO,8051,58.6
Hinsdale County,CO,8053,100
Huerfano County,CO,8055,56.1
Jackson County,CO,8057,100
Jefferson County,CO,8059,6.9
Kiowa County,CO,8061,100
Kit Carson County,CO,8063,48.7
Lake County,CO,8065,31.1
La Plata County,CO,8067,59.9
Larimer County,CO,8069,11.7
Las Animas County,CO,8071,40.8
Lincoln County,CO,8073,100
Logan County,CO,8075,29.2
Mesa County,CO,8077,12.7
Mineral County,CO,8079,100
Moffat County,CO,8081,27.4
Montezuma County,CO,8083,67.2
Montrose County,CO,8085,45
Morgan County,CO,8087,32.5
Otero County,CO,8089,34.4
Ouray County,CO,8091,100
Park County,CO,8093,100
Phillips County,CO,8095,100
Pitkin County,CO,8097,44.2
Prowers County,CO,8099,37.9
Pueblo County,CO,8101,14.2
Rio Blanco County,CO,8103,100
Rio Grande County,CO,8105,62.5
Routt County,CO,8107,45.2
Saguache County,CO,8109,100
San Juan County,CO,8111,100
San Miguel County,CO,8113,100
Sedgwick County,CO,8115,100
Summit County,CO,8117,19.5
Teller County,CO,8119,62.6
Washington County,CO,8121,100
Weld County,CO,8123,20.5
Yuma County,CO,8125,64.9
Fairfield County,CT,9001,4.6
Hartford County,CT,9003,5.4
Litchfield County,CT,9005,41.4
Middlesex County,CT,9007,24.5
New Haven County,CT,9009,3.6
New London County,CT,9011,25.8
Tolland County,CT,9013,38.2
Windham County,CT,9015,49.8
Kent County,DE,10001,27
New Castle County,DE,10003,4.6
Sussex County,DE,10005,41.3
District of Columbia,DC,11001,0
Alachua County,FL,12001,21.2
Baker County,FL,12003,59.5
Bay County,FL,12005,12
Bradford County,FL,12007,75.5
Brevard County,FL,12009,5.1
Broward County,FL,12011,0
Calhoun County,FL,12013,67.5
Charlotte County,FL,12015,8.9
Citrus County,FL,12017,34.5
Clay County,FL,12019,15
Collier County,FL,12021,8.5
Columbia County,FL,12023,62.1
DeSoto County,FL,12027,46.2
Dixie County,FL,12029,77
Duval County,FL,12031,2.9
Escambia County,FL,12033,8.3
Flagler County,FL,12035,10.3
Franklin County,FL,12037,68
Gadsden County,FL,12039,65.4
Gilchrist County,FL,12041,83.9
Glades County,FL,12043,70.6
Gulf County,FL,12045,77.1
Hamilton County,FL,12047,63.5
Hardee County,FL,12049,47.8
Hendry County,FL,12051,37.9
Hernando County,FL,12053,19.4
Highlands County,FL,12055,21.1
Hillsborough County,FL,12057,3.5
Holmes County,FL,12059,78.8
Indian River County,FL,12061,5
Jackson County,FL,12063,75.4
Jefferson County,FL,12065,100
Lafayette County,FL,12067,100
Lake County,FL,12069,19.3
Lee County,FL,12071,5.8
Leon County,FL,12073,12.3
Levy County,FL,12075,92
Liberty County,FL,12077,100
Madison County,FL,12079,80
Manatee County,FL,12081,5.8
Marion County,FL,12083,31
Martin County,FL,12085,8.5
Miami-Dade County,FL,12086,0.4
Monroe County,FL,12087,8.7
Nassau County,FL,12089,48.1
Okaloosa County,FL,12091,12.1
Okeechobee County,FL,12093,36.5
Orange County,FL,12095,2
Osceola County,FL,12097,7.8
Palm Beach County,FL,12099,1
Pasco County,FL,12101,9.5
Pinellas County,FL,12103,0.3
Polk County,FL,12105,13.5
Putnam County,FL,12107,56.2
St. Johns County,FL,12109,23.8
St. Lucie County,FL,12111,3.4
Santa Rosa County,FL,12113,21
Sarasota County,FL,12115,4.3
Seminole County,FL,12117,3.2
Sumter County,FL,12119,35
Suwannee County,FL,12121,83.2
Taylor County,FL,12123,69.3
Union County,FL,12125,67.4
Volusia County,FL,12127,9.9
Wakulla County,FL,12129,61.7
Walton County,FL,12131,63.1
Washington County,FL,12133,84.6
Appling County,GA,13001,71.4
Atkinson County,GA,13003,100
Bacon County,GA,13005,69.3
Baker County,GA,13007,100
Baldwin County,GA,13009,35.1
Banks County,GA,13011,93.8
Barrow County,GA,13013,30.1
Bartow County,GA,13015,35.2
Ben Hill County,GA,13017,34
Berrien County,GA,13019,76.1
Bibb County,GA,13021,14.4
Bleckley County,GA,13023,51.6
Brantley County,GA,13025,99.4
Brooks County,GA,13027,71
Bryan County,GA,13029,52.3
Bulloch County,GA,13031,48.3
Burke County,GA,13033,75
Butts County,GA,13035,77.9
Calhoun County,GA,13037,100
Camden County,GA,13039,31.4
Candler County,GA,13043,67
Carroll County,GA,13045,41.8
Catoosa County,GA,13047,28.1
Charlton County,GA,13049,51
Chatham County,GA,13051,4.5
Chattahoochee County,GA,13053,29.5
Chattooga County,GA,13055,57.6
Cherokee County,GA,13057,17.1
Clarke County,GA,13059,5.9
Clay County,GA,13061,100
Clayton County,GA,13063,0.9
Clinch County,GA,13065,60.4
Cobb County,GA,13067,0.2
Coffee County,GA,13069,66.6
Colquitt County,GA,13071,58.9
Columbia County,GA,13073,16.2
Cook County,GA,13075,59.4
Coweta County,GA,13077,32.9
Crawford County,GA,13079,100
Crisp County,GA,13081,47
Dade County,GA,13083,72.1
Dawson County,GA,13085,80.3
Decatur County,GA,13087,56.5
DeKalb County,GA,13089,0.3
Dodge County,GA,13091,72.2
Dooly County,GA,13093,53.7
Dougherty County,GA,13095,14
Douglas County,GA,13097,15.8
Early County,GA,13099,66
Echols County,GA,13101,100
Effingham County,GA,13103,67.1
Elbert County,GA,13105,70.6
Emanuel County,GA,13107,66.9
Evans County,GA,13109,61.3
Fannin County,GA,13111,100
Fayette County,GA,13113,18.2
Floyd County,GA,13115,36.8
Forsyth County,GA,13117,9.9
Franklin County,GA,13119,88.9
Fulton County,GA,13121,1.1
Gilmer County,GA,13123,87.6
Glascock County,GA,13125,100
Glynn County,GA,13127,20.6
Gordon County,GA,13129,51.6
Grady County,GA,13131,62.4
Greene County,GA,13133,82.7
Gwinnett County,GA,13135,0.5
Habersham County,GA,13137,58.8
Hall County,GA,13139,20.6
Hancock County,GA,13141,61.6
Haralson County,GA,13143,77.4
Harris County,GA,13145,96.7
Hart County,GA,13147,74.5
Heard County,GA,13149,100
Henry County,GA,13151,13.9
Houston County,GA,13153,10
Irwin County,GA,13155,64.7
Jackson County,GA,13157,60
Jasper County,GA,13159,81.8
Jeff Davis County,GA,13161,69.5
Jefferson County,GA,13163,80.7
Jenkins County,GA,13165,66.1
Johnson County,GA,13167,65.4
Jones County,GA,13169,67.7
Lamar County,GA,13171,60.9
Lanier County,GA,13173,71.1
Laurens County,GA,13175,56.6
Lee County,GA,13177,36.2
Liberty County,GA,13179,23.2
Lincoln County,GA,13181,100
Long County,GA,13183,81.3
Lowndes County,GA,13185,27.2
Lumpkin County,GA,13187,83.9
McDuffie County,GA,13189,61
McIntosh County,GA,13191,74.3
Macon County,GA,13193,53.2
Madison County,GA,13195,91.9
Marion County,GA,13197,100
Meriwether County,GA,13199,83.3
Miller County,GA,13201,100
Mitchell County,GA,13205,54.5
Monroe County,GA,13207,80.2
Montgomery County,GA,13209,98.7
Morgan County,GA,13211,75.4
Murray County,GA,13213,70.1
Muscogee County,GA,13215,3
Newton County,GA,13217,31.2
Oconee County,GA,13219,50.3
Oglethorpe County,GA,13221,99.3
Paulding County,GA,13223,20.1
Peach County,GA,13225,38.2
Pickens County,GA,13227,73.1
Pierce County,GA,13229,79.4
Pike County,GA,13231,99
Polk County,GA,13233,51.4
Pulaski County,GA,13235,66.7
Putnam County,GA,13237,80.9
Quitman County,GA,13239,73.1
Rabun County,GA,13241,79.3
Randolph County,GA,13243,50.6
Richmond County,GA,13245,9.2
Rockdale County,GA,13247,14.9
Schley County,GA,13249,100
Screven County,GA,13251,78.9
Seminole County,GA,13253,68.6
Spalding County,GA,13255,41.6
Stephens County,GA,13257,58.6
Stewart County,GA,13259,100
Sumter County,GA,13261,41.8
Talbot County,GA,13263,93.9
Taliaferro County,GA,13265,100
Tattnall County,GA,13267,68.2
Taylor County,GA,13269,100
Telfair County,GA,13271,47
Terrell County,GA,13273,51
Thomas County,GA,13275,46
Tift County,GA,13277,40.8
Toombs County,GA,13279,51.1
Towns County,GA,13281,100
Treutlen County,GA,13283,58.9
Troup County,GA,13285,44.3
Turner County,GA,13287,49.7
Twiggs County,GA,13289,100
Union County,GA,13291,100
Upson County,GA,13293,46.9
Walker County,GA,13295,43.9
Walton County,GA,13297,42.7
Ware County,GA,13299,29.4
Warren County,GA,13301,100
Washington County,GA,13303,65.6
Wayne County,GA,13305,57.9
Webster County,GA,13307,100
Wheeler County,GA,13309,100
White County,GA,13311,83.8
Whitfield County,GA,13313,29.1
Wilcox County,GA,13315,100
Wilkes County,GA,13317,67.4
Wilkinson County,GA,13319,100
Worth County,GA,13321,69.2
Hawaii County,HI,15001,38
Honolulu County,HI,15003,0.9
Kalawao County,HI,15005,100
Kauai County,HI,15007,12.9
Maui County,HI,15009,14.6
Ada County,ID,16001,5.5
Adams County,ID,16003,100
Bannock County,ID,16005,15.7
Bear Lake County,ID,16007,100
Benewah County,ID,16009,71.9
Bingham County,ID,16011,56
Blaine County,ID,16013,32.8
Boise County,ID,16015,100
Bonner County,ID,16017,72.4
Bonneville County,ID,16019,12.9
Boundary County,ID,16021,76.2
Butte County,ID,16023,100
Camas County,ID,16025,100
Canyon County,ID,16027,19.9
Caribou County,ID,16029,59.9
Cassia County,ID,16031,51.5
Clark County,ID,16033,100
Clearwater County,ID,16035,58.6
Custer County,ID,16037,100
Elmore County,ID,16039,26.9
Franklin County,ID,16041,66.2
Fremont County,ID,16043,72
Gem County,ID,16045,45
Gooding County,ID,16047,58.1
Idaho County,ID,16049,80.6
Jefferson County,ID,16051,66.6
Jerome County,ID,16053,51.3
Kootenai County,ID,16055,24.2
Latah County,ID,16057,35
Lemhi County,ID,16059,61.1
Lewis County,ID,16061,100
Lincoln County,ID,16063,100
Madison County,ID,16065,28.5
Minidoka County,ID,16067,44.2
Nez Perce County,ID,16069,19.2
Oneida County,ID,16071,100
Owyhee County,ID,16073,77.3
Payette County,ID,16075,42.7
Power County,ID,16077,42.6
Shoshone County,ID,16079,56
Teton County,ID,16081,100
Twin Falls County,ID,16083,28
Valley County,ID,16085,100
Washington County,ID,16087,45.6
Adams County,IL,17001,32.6
Alexander County,IL,17003,61.9
Bond County,IL,17005,60.7
Boone County,IL,17007,19.4
Brown County,IL,17009,41.1
Bureau County,IL,17011,57.4
Calhoun County,IL,17013,100
Carroll County,IL,17015,81.9
Cass County,IL,17017,52.1
Champaign County,IL,17019,12.7
Christian County,IL,17021,43.5
Clark County,IL,17023,59.5
Clay County,IL,17025,64.7
Clinton County,IL,17027,48.8
Coles County,IL,17029,24.3
Cook County,IL,17031,0
Crawford County,IL,17033,60.2
Cumberland County,IL,17035,100
DeKalb County,IL,17037,20.3
De Witt County,IL,17039,48.8
Douglas County,IL,17041,61.6
DuPage County,IL,17043,0
Edgar County,IL,17045,51.8
Edwards County,IL,17047,100
Effingham County,IL,17049,59.7
Fayette County,IL,17051,67
Ford County,IL,17053,41.8
Franklin County,IL,17055,48.6
Fulton County,IL,17057,60
Gallatin County,IL,17059,100
Greene County,IL,17061,70.8
Grundy County,IL,17063,24.4
Hamilton County,IL,17065,68.1
Hancock County,IL,17067,71
Hardin County,IL,17069,100
Henderson County,IL,17071,99.7
Henry County,IL,17073,50.3
Iroquois County,IL,17075,71.7
Jackson County,IL,17077,37.2
Jasper County,IL,17079,69.9
Jefferson County,IL,17081,58.8
Jersey County,IL,17083,60.6
Jo Daviess County,IL,17085,72.6
Johnson County,IL,17087,100
Kane County,IL,17089,3.6
Kankakee County,IL,17091,24.5
Kendall County,IL,17093,10.4
Knox County,IL,17095,24.3
Lake County,IL,17097,1.3
LaSalle County,IL,17099,30.2
Lawrence County,IL,17101,58
Lee County,IL,17103,53.2
Livingston County,IL,17105,40.8
Logan County,IL,17107,39.9
McDonough County,IL,17109,29.5
McHenry County,IL,17111,9.9
McLean County,IL,17113,16.5
Macon County,IL,17115,15.3
Macoupin County,IL,17117,58.5
Madison County,IL,17119,13.3
Marion County,IL,17121,45.1
Marshall County,IL,17123,100
Mason County,IL,17125,77.5
Massac County,IL,17127,50.5
Menard County,IL,17129,75.7
Mercer County,IL,17131,77.8
Monroe County,IL,17133,41.4
Montgomery County,IL,17135,41.6
Morgan County,IL,17137,36.2
Moultrie County,IL,17139,69.2
Ogle County,IL,17141,47.1
Peoria County,IL,17143,14.6
Perry County,IL,17145,43.6
Piatt County,IL,17147,67.7
Pike County,IL,17149,72.3
Pope County,IL,17151,100
Pulaski County,IL,17153,100
Putnam County,IL,17155,100
Randolph County,IL,17157,42.6
Richland County,IL,17159,43.5
Rock Island County,IL,17161,10.9
St. Clair County,IL,17163,9.8
Saline County,IL,17165,43.7
Sangamon County,IL,17167,14.1
Schuyler County,IL,17169,57.6
Scott County,IL,17171,100
Shelby County,IL,17173,77.7
Stark County,IL,17175,100
Stephenson County,IL,17177,40.1
Tazewell County,IL,17179,20.4
Union County,IL,17181,65.9
Vermilion County,IL,17183,31.3
Wabash County,IL,17185,38.9
Warren County,IL,17187,45.5
Washington County,IL,17189,73.6
Wayne County,IL,17191,69.9
White County,IL,17193,62
Whiteside County,IL,17195,37.3
Will County,IL,17197,3.9
Williamson County,IL,17199,34.8
Winnebago County,IL,17201,7.9
Woodford County,IL,17203,54.9
Adams County,IN,18001,53.7
Allen County,IN,18003,11.9
Bartholomew County,IN,18005,33.7
Benton County,IN,18007,100
Blackford County,IN,18009,50.6
Boone County,IN,18011,34.4
Brown County,IN,18013,100
Carroll County,IN,18015,81.4
Cass County,IN,18017,44.7
Clark County,IN,18019,20.5
Clay County,IN,18021,60.9
Clinton County,IN,18023,49.8
Crawford County,IN,18025,100
Daviess County,IN,18027,60.3
Dearborn County,IN,18029,53.1
Decatur County,IN,18031,53.8
DeKalb County,IN,18033,42.3
Delaware County,IN,18035,22.8
Dubois County,IN,18037,49.2
Elkhart County,IN,18039,20.6
Fayette County,IN,18041,36.8
Floyd County,IN,18043,20.3
Fountain County,IN,18045,66
Franklin County,IN,18047,88.9
Fulton County,IN,18049,64.9
Gibson County,IN,18051,53.6
Grant County,IN,18053,28.9
Greene County,IN,18055,74.8
Hamilton County,IN,18057,5.6
Hancock County,IN,18059,30.4
Harrison County,IN,18061,85.8
Hendricks County,IN,18063,17.8
Henry County,IN,18065,42.9
Howard County,IN,18067,21.5
Huntington County,IN,18069,51
Jackson County,IN,18071,43.7
Jasper County,IN,18073,68
Jay County,IN,18075,55.7
Jefferson County,IN,18077,45.1
Jennings County,IN,18079,60.2
Johnson County,IN,18081,13.9
Knox County,IN,18083,36.2
Kosciusko County,IN,18085,46.6
LaGrange County,IN,18087,91.6
Lake County,IN,18089,4
LaPorte County,IN,18091,35.6
Lawrence County,IN,18093,58.4
Madison County,IN,18095,23.1
Marion County,IN,18097,0.6
Marshall County,IN,18099,63.3
Martin County,IN,18101,72.3
Miami County,IN,18103,46.5
Monroe County,IN,18105,21.2
Montgomery County,IN,18107,52.8
Morgan County,IN,18109,49.1
Newton County,IN,18111,100
Noble County,IN,18113,68
Ohio County,IN,18115,100
Orange County,IN,18117,83.5
Owen County,IN,18119,100
Parke County,IN,18121,75
Perry County,IN,18123,55
Pike County,IN,18125,100
Porter County,IN,18127,20.8
Posey County,IN,18129,66.8
Pulaski County,IN,18131,80.9
Putnam County,IN,18133,64.8
Randolph County,IN,18135,61.9
Ripley County,IN,18137,83.2
Rush County,IN,18139,61.2
St. Joseph County,IN,18141,9
Scott County,IN,18143,52.7
Shelby County,IN,18145,52
Spencer County,IN,18147,100
Starke County,IN,18149,82.4
Steuben County,IN,18151,67.2
Sullivan County,IN,18153,79
Switzerland County,IN,18155,100
Tippecanoe County,IN,18157,14.5
Tipton County,IN,18159,61.6
Union County,IN,18161,100
Vanderburgh County,IN,18163,9.2
Vermillion County,IN,18165,60.4
Vigo County,IN,18167,23.8
Wabash County,IN,18169,50
Warren County,IN,18171,77.1
Warrick County,IN,18173,29.3
Washington County,IN,18175,76.8
Wayne County,IN,18177,33
Wells County,IN,18179,50.6
White County,IN,18181,68
Whitley County,IN,18183,71.2
Adair County,IA,19001,100
Adams County,IA,19003,100
Allamakee County,IA,19005,74
Appanoose County,IA,19007,58.3
Audubon County,IA,19009,100
Benton County,IA,19011,80.7
Black Hawk County,IA,19013,13.5
Boone County,IA,19015,50.6
Bremer County,IA,19017,64.5
Buchanan County,IA,19019,68.5
Buena Vista County,IA,19021,43.9
Butler County,IA,19023,100
Calhoun County,IA,19025,100
Carroll County,IA,19027,52
Cass County,IA,19029,53.6
Cedar County,IA,19031,83.4
Cerro Gordo County,IA,19033,20.6
Cherokee County,IA,19035,61.4
Chickasaw County,IA,19037,73.5
Clarke County,IA,19039,48.1
Clay County,IA,19041,34.3
Clayton County,IA,19043,96.6
Clinton County,IA,19045,32.2
Crawford County,IA,19047,51.8
Dallas County,IA,19049,30.6
Davis County,IA,19051,100
Decatur County,IA,19053,100
Delaware County,IA,19055,71.5
Des Moines County,IA,19057,26.7
Dickinson County,IA,19059,35
Dubuque County,IA,19061,27
Emmet County,IA,19063,39.9
Fayette County,IA,19065,70.6
Floyd County,IA,19067,52.7
Franklin County,IA,19069,60.2
Fremont County,IA,19071,100
Greene County,IA,19073,58.2
Grundy County,IA,19075,100
Guthrie County,IA,19077,100
Hamilton County,IA,19079,50.5
Hancock County,IA,19081,70
Hardin County,IA,19083,71.1
Harrison County,IA,19085,81.1
Henry County,IA,19087,57.1
Howard County,IA,19089,63
Humboldt County,IA,19091,46.6
Ida County,IA,19093,100
Iowa County,IA,19095,82.2
Jackson County,IA,19097,53.3
Jasper County,IA,19099,57.5
Jefferson County,IA,19101,38.7
Johnson County,IA,19103,18.5
Jones County,IA,19105,58
Keokuk County,IA,19107,100
Kossuth County,IA,19109,65.6
Lee County,IA,19111,40.6
Linn County,IA,19113,12.7
Louisa County,IA,19115,100
Lucas County,IA,19117,56.2
Lyon County,IA,19119,100
Madison County,IA,19121,67.8
Mahaska County,IA,19123,43.9
Marion County,IA,19125,48.7
Marshall County,IA,19127,33.9
Mills County,IA,19129,59.6
Mitchell County,IA,19131,67.2
Monona County,IA,19133,71.2
Monroe County,IA,19135,55.2
Montgomery County,IA,19137,47.9
Muscatine County,IA,19139,25.6
O'Brien County,IA,19141,66.3
Osceola County,IA,19143,58.4
Page County,IA,19145,33.4
Palo Alto County,IA,19147,61.5
Plymouth County,IA,19149,62.9
Pocahontas County,IA,19151,100
Polk County,IA,19153,4.9
Pottawattamie County,IA,19155,26.4
Poweshiek County,IA,19157,52
Ringgold County,IA,19159,100
Sac County,IA,19161,100
Scott County,IA,19163,13.5
Shelby County,IA,19165,59.4
Sioux County,IA,19167,50.8
Story County,IA,19169,16.9
Tama County,IA,19171,72.4
Taylor County,IA,19173,100
Union County,IA,19175,39.2
Van Buren County,IA,19177,100
Wapello County,IA,19179,30.5
Warren County,IA,19181,42
Washington County,IA,19183,69.5
Wayne County,IA,19185,100
Webster County,IA,19187,33.9
Winnebago County,IA,19189,66.1
Winneshiek County,IA,19191,59
Woodbury County,IA,19193,17.5
Worth County,IA,19195,100
Wright County,IA,19197,56.8
Allen County,KS,20001,57.2
Anderson County,KS,20003,58.8
Atchison County,KS,20005,34.2
Barber County,KS,20007,100
Barton County,KS,20009,31.8
Bourbon County,KS,20011,48
Brown County,KS,20013,68.4
Butler County,KS,20015,40.5
Chase County,KS,20017,100
Chautauqua County,KS,20019,100
Cherokee County,KS,20021,49.1
Cheyenne County,KS,20023,100
Clark County,KS,20025,100
Clay County,KS,20027,49.5
Cloud County,KS,20029,44
Coffey County,KS,20031,70.9
Comanche County,KS,20033,100
Cowley County,KS,20035,31
Crawford County,KS,20037,34.9
Decatur County,KS,20039,100
Dickinson County,KS,20041,64.3
Doniphan County,KS,20043,70.2
Douglas County,KS,20045,11
Edwards County,KS,20047,100
Elk County,KS,20049,100
Ellis County,KS,20051,25.6
Ellsworth County,KS,20053,54.1
Finney County,KS,20055,18.6
Ford County,KS,20057,19.3
Franklin County,KS,20059,52.1
Geary County,KS,20061,11.7
Gove County,KS,20063,100
Graham County,KS,20065,100
Grant County,KS,20067,19.8
Gray County,KS,20069,100
Greeley County,KS,20071,100
Greenwood County,KS,20073,61.3
Hamilton County,KS,20075,100
Harper County,KS,20077,100
Harvey County,KS,20079,30.9
Haskell County,KS,20081,100
Hodgeman County,KS,20083,100
Jackson County,KS,20085,75.9
Jefferson County,KS,20087,98.8
Jewell County,KS,20089,100
Johnson County,KS,20091,3.8
Kearny County,KS,20093,100
Kingman County,KS,20095,62.1
Kiowa County,KS,20097,100
Labette County,KS,20099,52.3
Lane County,KS,20101,100
Leavenworth County,KS,20103,29.1
Lincoln County,KS,20105,100
Linn County,KS,20107,100
Logan County,KS,20109,100
Lyon County,KS,20111,26.3
McPherson County,KS,20113,43.5
Marion County,KS,20115,77.8
Marshall County,KS,20117,71
Meade County,KS,20119,100
Miami County,KS,20121,51
Mitchell County,KS,20123,48.3
Montgomery County,KS,20125,43.4
Morris County,KS,20127,100
Morton County,KS,20129,100
Nemaha County,KS,20131,75.2
Neosho County,KS,20133,45.1
Ness County,KS,20135,100
Norton County,KS,20137,49
Osage County,KS,20139,83.5
Osborne County,KS,20141,100
Ottawa County,KS,20143,100
Pawnee County,KS,20145,31.7
Phillips County,KS,20147,53.8
Pottawatomie County,KS,20149,58.9
Pratt County,KS,20151,32.2
Rawlins County,KS,20153,100
Reno County,KS,20155,31.3
Republic County,KS,20157,100
Rice County,KS,20159,63.8
Riley County,KS,20161,13.8
Rooks County,KS,20163,100
Rush County,KS,20165,100
Russell County,KS,20167,41.1
Saline County,KS,20169,14.6
Scott County,KS,20171,26.1
Sedgwick County,KS,20173,7.7
Seward County,KS,20175,11.4
Shawnee County,KS,20177,15.8
Sheridan County,KS,20179,100
Sherman County,KS,20181,24.2
Smith County,KS,20183,100
Stafford County,KS,20185,100
Stanton County,KS,20187,100
Stevens County,KS,20189,31.2
Sumner County,KS,20191,62.9
Thomas County,KS,20193,30.8
Trego County,KS,20195,100
Wabaunsee County,KS,20197,100
Wallace County,KS,20199,100
Washington County,KS,20201,100
Wichita County,KS,20203,100
Wilson County,KS,20205,72.7
Woodson County,KS,20207,100
Wyandotte County,KS,20209,6.1
Adair County,KY,21001,75.5
Allen County,KY,21003,78.7
Anderson County,KY,21005,41.7
Ballard County,KY,21007,100
Barren County,KY,21009,63.3
Bath County,KY,21011,100
Bell County,KY,21013,62.5
Boone County,KY,21015,13.3
Bourbon County,KY,21017,44.7
Boyd County,KY,21019,25.3
Boyle County,KY,21021,34.8
Bracken County,KY,21023,100
Breathitt County,KY,21025,81.5
Breckinridge County,KY,21027,100
Bullitt County,KY,21029,30.4
Butler County,KY,21031,100
Caldwell County,KY,21033,54.6
Calloway County,KY,21035,48.7
Campbell County,KY,21037,15.3
Carlisle County,KY,21039,100
Carroll County,KY,21041,52.2
Carter County,KY,21043,79.4
Casey County,KY,21045,100
Christian County,KY,21047,28.6
Clark County,KY,21049,27.5
Clay County,KY,21051,78.6
Clinton County,KY,21053,100
Crittenden County,KY,21055,70.8
Cumberland County,KY,21057,100
Daviess County,KY,21059,27
Edmonson County,KY,21061,100
Elliott County,KY,21063,100
Estill County,KY,21065,76.1
Fayette County,KY,21067,3.1
Fleming County,KY,21069,80.5
Floyd County,KY,21071,83.9
Franklin County,KY,21073,27.6
Fulton County,KY,21075,64.4
Gallatin County,KY,21077,100
Garrard County,KY,21079,77.9
Grant County,KY,21081,65
Graves County,KY,21083,69.4
Grayson County,KY,21085,73.6
Green County,KY,21087,100
Greenup County,KY,21089,39.3
Hancock County,KY,21091,89.3
Hardin County,KY,21093,34.2
Harlan County,KY,21095,54.2
Harrison County,KY,21097,65.9
Hart County,KY,21099,87.2
Henderson County,KY,21101,38.2
Henry County,KY,21103,100
Hickman County,KY,21105,100
Hopkins County,KY,21107,47.1
Jackson County,KY,21109,100
Jefferson County,KY,21111,1.4
Jessamine County,KY,21113,25.9
Johnson County,KY,21115,73
Kenton County,KY,21117,7
Knott County,KY,21119,100
Knox County,KY,21121,62.9
Larue County,KY,21123,76
Laurel County,KY,21125,56.8
Lawrence County,KY,21127,77.1
Lee County,KY,21129,100
Leslie County,KY,21131,100
Letcher County,KY,21133,100
Lewis County,KY,21135,100
Lincoln County,KY,21137,81.7
Livingston County,KY,21139,95.4
Logan County,KY,21141,75
Lyon County,KY,21143,100
McCracken County,KY,21145,27.8
McCreary County,KY,21147,100
McLean County,KY,21149,100
Madison County,KY,21151,38.5
Magoffin County,KY,21153,100
Marion County,KY,21155,71.5
Marshall County,KY,21157,85.9
Martin County,KY,21159,100
Mason County,KY,21161,55.4
Meade County,KY,21163,85.9
Menifee County,KY,21165,100
Mercer County,KY,21167,59.1
Metcalfe County,KY,21169,100
Monroe County,KY,21171,100
Montgomery County,KY,21173,59.1
Morgan County,KY,21175,100
Muhlenberg County,KY,21177,68.4
Nelson County,KY,21179,56.9
Nicholas County,KY,21181,100
Ohio County,KY,21183,73.5
Oldham County,KY,21185,20.3
Owen County,KY,21187,100
Owsley County,KY,21189,100
Pendleton County,KY,21191,100
Perry County,KY,21193,74.1
Pike County,KY,21195,87.8
Powell County,KY,21197,67.1
Pulaski County,KY,21199,53.9
Robertson County,KY,21201,100
Rockcastle County,KY,21203,83.7
Rowan County,KY,21205,68.8
Russell County,KY,21207,100
Scott County,KY,21209,32.5
Shelby County,KY,21211,47
Simpson County,KY,21213,45.2
Spencer County,KY,21215,100
Taylor County,KY,21217,52.2
Todd County,KY,21219,100
Trigg County,KY,21221,79.4
Trimble County,KY,21223,94.7
Union County,KY,21225,65.3
Warren County,KY,21227,31.2
Washington County,KY,21229,100
Wayne County,KY,21231,67.7
Webster County,KY,21233,100
Whitley County,KY,21235,65.2
Wolfe County,KY,21237,100
Woodford County,KY,21239,36.2
Acadia Parish,LA,22001,51.7
Allen Parish,LA,22003,69.4
Ascension Parish,LA,22005,13.2
Assumption Parish,LA,22007,45
Avoyelles Parish,LA,22009,63.8
Beauregard Parish,LA,22011,66.5
Bienville Parish,LA,22013,79.8
Bossier Parish,LA,22015,24.3
Caddo Parish,LA,22017,14.4
Calcasieu Parish,LA,22019,20.5
Caldwell Parish,LA,22021,100
Cameron Parish,LA,22023,100
Catahoula Parish,LA,22025,100
Claiborne Parish,LA,22027,82.4
Concordia Parish,LA,22029,33.5
De Soto Parish,LA,22031,77.3
East Baton Rouge Parish,LA,22033,6.9
East Carroll Parish,LA,22035,34.6
East Feliciana Parish,LA,22037,100
Evangeline Parish,LA,22039,61.1
Franklin Parish,LA,22041,74.2
Grant Parish,LA,22043,85.6
Iberia Parish,LA,22045,28.1
Iberville Parish,LA,22047,59.2
Jackson Parish,LA,22049,65.5
Jefferson Parish,LA,22051,1.1
Jefferson Davis Parish,LA,22053,50.7
Lafayette Parish,LA,22055,8.3
Lafourche Parish,LA,22057,24.2
La Salle Parish,LA,22059,73.2
Lincoln Parish,LA,22061,40.7
Livingston Parish,LA,22063,41.1
Madison Parish,LA,22065,22.4
Morehouse Parish,LA,22067,50
Natchitoches Parish,LA,22069,50.1
Orleans Parish,LA,22071,0.6
Ouachita Parish,LA,22073,24.2
Plaquemines Parish,LA,22075,19.5
Pointe Coupee Parish,LA,22077,57.8
Rapides Parish,LA,22079,39.5
Red River Parish,LA,22081,100
Richland Parish,LA,22083,66
Sabine Parish,LA,22085,88.2
St. Bernard Parish,LA,22087,4.3
St. Charles Parish,LA,22089,11.5
St. Helena Parish,LA,22091,100
St. James Parish,LA,22093,27.7
St. John the Baptist Parish,LA,22095,13.4
St. Landry Parish,LA,22097,48.2
St. Martin Parish,LA,22099,49.6
St. Mary Parish,LA,22101,13
St. Tammany Parish,LA,22103,23.2
Tangipahoa Parish,LA,22105,40.9
Tensas Parish,LA,22107,100
Terrebonne Parish,LA,22109,20.6
Union Parish,LA,22111,82.9
Vermilion Parish,LA,22113,54.6
Vernon Parish,LA,22115,49.9
Washington Parish,LA,22117,66.7
Webster Parish,LA,22119,53
West Baton Rouge Parish,LA,22121,30.5
West Carroll Parish,LA,22123,100
West Feliciana Parish,LA,22125,100
Winn Parish,LA,22127,64.9
Androscoggin County,ME,23001,43.4
Aroostook County,ME,23003,80.3
Cumberland County,ME,23005,36.1
Franklin County,ME,23007,83
Hancock County,ME,23009,90.1
Kennebec County,ME,23011,62.8
Knox County,ME,23013,67.9
Lincoln County,ME,23015,100
Oxford County,ME,23017,83.1
Penobscot County,ME,23019,57.7
Piscataquis County,ME,23021,100
Sagadahoc County,ME,23023,61.7
Somerset County,ME,23025,80.5
Waldo County,ME,23027,91.3
Washington County,ME,23029,92.4
York County,ME,23031,56.8
Allegany County,MD,24001,27.3
Anne Arundel County,MD,24003,5.3
Baltimore County,MD,24005,6.5
Calvert County,MD,24009,38.7
Caroline County,MD,24011,76
Carroll County,MD,24013,39.5
Cecil County,MD,24015,42.1
Charles County,MD,24017,29.5
Dorchester County,MD,24019,56.2
Frederick County,MD,24021,25.2
Garrett County,MD,24023,83.9
Harford County,MD,24025,17.8
Howard County,MD,24027,9.3
Kent County,MD,24029,72.6
Montgomery County,MD,24031,2.4
Prince George's County,MD,24033,2
Queen Anne's County,MD,24035,54.5
St. Mary's County,MD,24037,50.4
Somerset County,MD,24039,45.8
Talbot County,MD,24041,54.7
Washington County,MD,24043,29.5
Wicomico County,MD,24045,25.8
Worcester County,MD,24047,35.5
Baltimore city,MD,24510,0
Barnstable County,MA,25001,7.5
Berkshire County,MA,25003,31.6
Bristol County,MA,25005,9.8
Dukes County,MA,25007,39
Essex County,MA,25009,4.2
Franklin County,MA,25011,54.4
Hampden County,MA,25013,8.6
Hampshire County,MA,25015,27.4
Middlesex County,MA,25017,3
Nantucket County,MA,25019,18.9
Norfolk County,MA,25021,1.2
Plymouth County,MA,25023,10.3
Suffolk County,MA,25025,0.1
Worcester County,MA,25027,18.4
Alcona County,MI,26001,98.9
Alger County,MI,26003,69
Allegan County,MI,26005,64.5
Alpena County,MI,26007,51.8
Antrim County,MI,26009,100
Arenac County,MI,26011,100
Baraga County,MI,26013,100
Barry County,MI,26015,77.1
Bay County,MI,26017,30.3
Benzie County,MI,26019,100
Berrien County,MI,26021,32.9
Branch County,MI,26023,62.7
Calhoun County,MI,26025,31
Cass County,MI,26027,71.2
Charlevoix County,MI,26029,70.4
Cheboygan County,MI,26031,82.7
Chippewa County,MI,26033,48.9
Clare County,MI,26035,70.6
Clinton County,MI,26037,52.9
Crawford County,MI,26039,72.6
Delta County,MI,26041,43.8
Dickinson County,MI,26043,32.8
Eaton County,MI,26045,38
Emmet County,MI,26047,74.9
Genesee County,MI,26049,16.8
Gladwin County,MI,26051,88.6
Gogebic County,MI,26053,68.2
Grand Traverse County,MI,26055,48
Gratiot County,MI,26057,60.2
Hillsdale County,MI,26059,69.1
Houghton County,MI,26061,37.8
Huron County,MI,26063,89.5
Ingham County,MI,26065,13.2
Ionia County,MI,26067,60.5
Iosco County,MI,26069,58.9
Iron County,MI,26071,72.9
Isabella County,MI,26073,46.6
Jackson County,MI,26075,41.8
Kalamazoo County,MI,26077,17.5
Kalkaska County,MI,26079,84.4
Kent County,MI,26081,15.7
Keweenaw County,MI,26083,100
Lake County,MI,26085,100
Lapeer County,MI,26087,77.3
Leelanau County,MI,26089,91.3
Lenawee County,MI,26091,51.8
Livingston County,MI,26093,36.9
Luce County,MI,26095,51.4
Mackinac County,MI,26097,77.2
Macomb County,MI,26099,2.8
Manistee County,MI,26101,61.2
Marquette County,MI,26103,41.5
Mason County,MI,26105,62.7
Mecosta County,MI,26107,66.7
Menominee County,MI,26109,64.3
Midland County,MI,26111,42.8
Missaukee County,MI,26113,100
Monroe County,MI,26115,37.6
Montcalm County,MI,26117,84.6
Montmorency County,MI,26119,100
Muskegon County,MI,26121,23.3
Newaygo County,MI,26123,83.8
Oakland County,MI,26125,4.8
Oceana County,MI,26127,89.9
Ogemaw County,MI,26129,100
Ontonagon County,MI,26131,100
Osceola County,MI,26133,100
Oscoda County,MI,26135,100
Otsego County,MI,26137,65.7
Ottawa County,MI,26139,20.3
Presque Isle County,MI,26141,80.9
Roscommon County,MI,26143,66.1
Saginaw County,MI,26145,31.1
St. Clair County,MI,26147,38.6
St. Joseph County,MI,26149,54.4
Sanilac County,MI,26151,90.2
Schoolcraft County,MI,26153,59
Shiawassee County,MI,26155,55
Tuscola County,MI,26157,84.2
Van Buren County,MI,26159,70.9
Washtenaw County,MI,26161,16.4
Wayne County,MI,26163,0.7
Wexford County,MI,26165,64.3
Aitkin County,MN,27001,100
Anoka County,MN,27003,13.5
Becker County,MN,27005,75.5
Beltrami County,MN,27007,67.1
Benton County,MN,27009,40
Big Stone County,MN,27011,100
Blue Earth County,MN,27013,26.9
Brown County,MN,27015,34.9
Carlton County,MN,27017,55.2
Carver County,MN,27019,18.8
Cass County,MN,27021,100
Chippewa County,MN,27023,50.3
Chisago County,MN,27025,55.6
Clay County,MN,27027,27.9
Clearwater County,MN,27029,100
Cook County,MN,27031,100
Cottonwood County,MN,27033,62.3
Crow Wing County,MN,27035,62.7
Dakota County,MN,27037,4.9
Dodge County,MN,27039,51.8
Douglas County,MN,27041,52.8
Faribault County,MN,27043,77.6
Fillmore County,MN,27045,93.3
Freeborn County,MN,27047,42.8
Goodhue County,MN,27049,47
Grant County,MN,27051,100
Hennepin County,MN,27053,2.2
Houston County,MN,27055,57.4
Hubbard County,MN,27057,83.4
Isanti County,MN,27059,62.3
Itasca County,MN,27061,79.4
Jackson County,MN,27063,69.1
Kanabec County,MN,27065,77.4
Kandiyohi County,MN,27067,44.5
Kittson County,MN,27069,100
Koochiching County,MN,27071,47
Lac qui Parle County,MN,27073,100
Lake County,MN,27075,67
Lake of the Woods County,MN,27077,100
Le Sueur County,MN,27079,62.2
Lincoln County,MN,27081,100
Lyon County,MN,27083,47.9
McLeod County,MN,27085,46.6
Mahnomen County,MN,27087,100
Marshall County,MN,27089,100
Martin County,MN,27091,54
Meeker County,MN,27093,65.5
Mille Lacs County,MN,27095,70.8
Morrison County,MN,27097,72.8
Mower County,MN,27099,35.9
Murray County,MN,27101,100
Nicollet County,MN,27103,25.6
Nobles County,MN,27105,41
Norman County,MN,27107,100
Olmsted County,MN,27109,16.6
Otter Tail County,MN,27111,73.6
Pennington County,MN,27113,36.2
Pine County,MN,27115,89.3
Pipestone County,MN,27117,57.3
Polk County,MN,27119,48.5
Pope County,MN,27121,100
Ramsey County,MN,27123,0.2
Red Lake County,MN,27125,100
Redwood County,MN,27127,69.1
Renville County,MN,27129,100
Rice County,MN,27131,25.9
Rock County,MN,27133,52.3
Roseau County,MN,27135,82.3
St. Louis County,MN,27137,37.1
Scott County,MN,27139,17.2
Sherburne County,MN,27141,44.2
Sibley County,MN,27143,100
Stearns County,MN,27145,36.9
Steele County,MN,27147,30.6
Stevens County,MN,27149,47.3
Swift County,MN,27151,67.4
Todd County,MN,27153,78.4
Traverse County,MN,27155,100
Wabasha County,MN,27157,64.5
Wadena County,MN,27159,67
Waseca County,MN,27161,50.2
Washington County,MN,27163,14.5
Watonwan County,MN,27165,59.1
Wilkin County,MN,27167,50.1
Winona County,MN,27169,34.5
Wright County,MN,27171,32.5
Yellow Medicine County,MN,27173,80.8
Adams County,MS,28001,37.2
Alcorn County,MS,28003,66.4
Amite County,MS,28005,100
Attala County,MS,28007,64.3
Benton County,MS,28009,100
Bolivar County,MS,28011,54
Calhoun County,MS,28013,100
Carroll County,MS,28015,100
Chickasaw County,MS,28017,85.3
Choctaw County,MS,28019,100
Claiborne County,MS,28021,100
Clarke County,MS,28023,100
Clay County,MS,28025,55.5
Coahoma County,MS,28027,32
Copiah County,MS,28029,65.6
Covington County,MS,28031,100
DeSoto County,MS,28033,20.4
Forrest County,MS,28035,29.6
Franklin County,MS,28037,100
George County,MS,28039,88.3
Greene County,MS,28041,100
Grenada County,MS,28043,52.2
Hancock County,MS,28045,42.6
Harrison County,MS,28047,22.8
Hinds County,MS,28049,15.3
Holmes County,MS,28051,86.8
Humphreys County,MS,28053,49.8
Issaquena County,MS,28055,100
Itawamba County,MS,28057,86.3
Jackson County,MS,28059,27.3
Jasper County,MS,28061,100
Jefferson County,MS,28063,100
Jefferson Davis County,MS,28065,100
Jones County,MS,28067,61.4
Kemper County,MS,28069,100
Lafayette County,MS,28071,45.6
Lamar County,MS,28073,50.4
Lauderdale County,MS,28075,48.3
Lawrence County,MS,28077,100
Leake County,MS,28079,81.2
Lee County,MS,28081,45.4
Leflore County,MS,28083,17.7
Lincoln County,MS,28085,69.5
Lowndes County,MS,28087,42.6
Madison County,MS,28089,28
Marion County,MS,28091,73.1
Marshall County,MS,28093,83.4
Monroe County,MS,28095,69.6
Montgomery County,MS,28097,59.8
Neshoba County,MS,28099,73.9
Newton County,MS,28101,87.1
Noxubee County,MS,28103,74
Oktibbeha County,MS,28105,36.4
Panola County,MS,28107,78.9
Pearl River County,MS,28109,69.9
Perry County,MS,28111,100
Pike County,MS,28113,59.4
Pontotoc County,MS,28115,84
Prentiss County,MS,28117,76.1
Quitman County,MS,28119,57
Rankin County,MS,28121,33.9
Scott County,MS,28123,72.2
Sharkey County,MS,28125,100
Simpson County,MS,28127,84.8
Smith County,MS,28129,100
Stone County,MS,28131,78.8
Sunflower County,MS,28133,45.8
Tallahatchie County,MS,28135,80.9
Tate County,MS,28137,77.4
Tippah County,MS,28139,83.8
Tishomingo County,MS,28141,100
Tunica County,MS,28143,66
Union County,MS,28145,75.6
Walthall County,MS,28147,100
Warren County,MS,28149,40.9
Washington County,MS,28151,17.5
Wayne County,MS,28153,79.6
Webster County,MS,28155,100
Wilkinson County,MS,28157,100
Winston County,MS,28159,75.9
Yalobusha County,MS,28161,79.3
Yazoo County,MS,28163,44.6
Adair County,MO,29001,37.9
Andrew County,MO,29003,61.3
Atchison County,MO,29005,100
Audrain County,MO,29007,41.2
Barry County,MO,29009,73.3
Barton County,MO,29011,64
Bates County,MO,29013,77.3
Benton County,MO,29015,86.5
Bollinger County,MO,29017,100
Boone County,MO,29019,18.8
Buchanan County,MO,29021,13.4
Butler County,MO,29023,52.2
Caldwell County,MO,29025,100
Callaway County,MO,29027,62
Camden County,MO,29029,74.2
Cape Girardeau County,MO,29031,30.5
Carroll County,MO,29033,64.5
Carter County,MO,29035,100
Cass County,MO,29037,32.4
Cedar County,MO,29039,75.3
Chariton County,MO,29041,100
Christian County,MO,29043,44.8
Clark County,MO,29045,100
Clay County,MO,29047,9.8
Clinton County,MO,29049,76.2
Cole County,MO,29051,29.1
Cooper County,MO,29053,53.2
Crawford County,MO,29055,73.3
Dade County,MO,29057,100
Dallas County,MO,29059,81.9
Daviess County,MO,29061,100
DeKalb County,MO,29063,62.4
Dent County,MO,29065,68.6
Douglas County,MO,29067,79.1
Dunklin County,MO,29069,50.5
Franklin County,MO,29071,55.6
Gasconade County,MO,29073,80.9
Gentry County,MO,29075,100
Greene County,MO,29077,14
Grundy County,MO,29079,45.5
Harrison County,MO,29081,70.4
Henry County,MO,29083,49.5
Hickory County,MO,29085,100
Holt County,MO,29087,100
Howard County,MO,29089,64.1
Howell County,MO,29091,72.2
Iron County,MO,29093,74.9
Jackson County,MO,29095,3.8
Jasper County,MO,29097,23.7
Jefferson County,MO,29099,30.2
Johnson County,MO,29101,50.4
Knox County,MO,29103,100
Laclede County,MO,29105,60.5
Lafayette County,MO,29107,56.9
Lawrence County,MO,29109,58.7
Lewis County,MO,29111,100
Lincoln County,MO,29113,74.8
Linn County,MO,29115,66.5
Livingston County,MO,29117,36.6
McDonald County,MO,29119,100
Macon County,MO,29121,67.8
Madison County,MO,29123,65.5
Maries County,MO,29125,100
Marion County,MO,29127,24.8
Mercer County,MO,29129,100
Miller County,MO,29131,79.8
Mississippi County,MO,29133,32.7
Moniteau County,MO,29135,52.7
Monroe County,MO,29137,100
Montgomery County,MO,29139,78.5
Morgan County,MO,29141,100
New Madrid County,MO,29143,56.9
Newton County,MO,29145,64.4
Nodaway County,MO,29147,43.4
Oregon County,MO,29149,80.5
Osage County,MO,29151,100
Ozark County,MO,29153,100
Pemiscot County,MO,29155,49.3
Perry County,MO,29157,55.6
Pettis County,MO,29159,37.8
Phelps County,MO,29161,46.2
Pike County,MO,29163,54.4
Platte County,MO,29165,15.8
Polk County,MO,29167,68.9
Pulaski County,MO,29169,44
Putnam County,MO,29171,100
Ralls County,MO,29173,96.1
Randolph County,MO,29175,45.2
Ray County,MO,29177,75.2
Reynolds County,MO,29179,100
Ripley County,MO,29181,100
St. Charles County,MO,29183,5.8
St. Clair County,MO,29185,100
Ste. Genevieve County,MO,29186,76.1
St. Francois County,MO,29187,39.8
St. Louis County,MO,29189,1.1
Saline County,MO,29195,45.8
Schuyler County,MO,29197,100
Scotland County,MO,29199,100
Scott County,MO,29201,41.6
Shannon County,MO,29203,100
Shelby County,MO,29205,100
Stoddard County,MO,29207,69.8
Stone County,MO,29209,88.7
Sullivan County,MO,29211,100
Taney County,MO,29213,43.9
Texas County,MO,29215,99.2
Vernon County,MO,29217,58.3
Warren County,MO,29219,63
Washington County,MO,29221,80.5
Wayne County,MO,29223,100
Webster County,MO,29225,73.9
Worth County,MO,29227,100
Wright County,MO,29229,76.6
St. Louis city,MO,29510,0
Beaverhead County,MT,30001,50.2
Big Horn County,MT,30003,71.9
Blaine County,MT,30005,100
Broadwater County,MT,30007,100
Carbon County,MT,30009,100
Carter County,MT,30011,100
Cascade County,MT,30013,19.8
Chouteau County,MT,30015,100
Custer County,MT,30017,17.9
Daniels County,MT,30019,100
Dawson County,MT,30021,27.6
Deer Lodge County,MT,30023,33.6
Fallon County,MT,30025,100
Fergus County,MT,30027,47.4
Flathead County,MT,30029,51.5
Gallatin County,MT,30031,33.5
Garfield County,MT,30033,100
Glacier County,MT,30035,44
Golden Valley County,MT,30037,100
Granite County,MT,30039,100
Hill County,MT,30041,40
Jefferson County,MT,30043,100
Judith Basin County,MT,30045,100
Lake County,MT,30047,83.4
Lewis and Clark County,MT,30049,28.9
Liberty County,MT,30051,100
Lincoln County,MT,30053,79.8
McCone County,MT,30055,100
Madison County,MT,30057,100
Meagher County,MT,30059,100
Mineral County,MT,30061,100
Missoula County,MT,30063,22.3
Musselshell County,MT,30065,100
Park County,MT,30067,47.7
Petroleum County,MT,30069,100
Phillips County,MT,30071,100
Pondera County,MT,30073,58.1
Powder River County,MT,30075,100
Powell County,MT,30077,54.2
Prairie County,MT,30079,100
Ravalli County,MT,30081,84.6
Richland County,MT,30083,44.2
Roosevelt County,MT,30085,39.7
Rosebud County,MT,30087,100
Sanders County,MT,30089,100
Sheridan County,MT,30091,100
Silver Bow County,MT,30093,11.4
Stillwater County,MT,30095,100
Sweet Grass County,MT,30097,100
Teton County,MT,30099,100
Toole County,MT,30101,43
Treasure County,MT,30103,100
Valley County,MT,30105,55.2
Wheatland County,MT,30107,100
Wibaux County,MT,30109,100
Yellowstone County,MT,30111,16.7
Adams County,NE,31001,22.5
Antelope County,NE,31003,100
Arthur County,NE,31005,100
Banner County,NE,31007,100
Blaine County,NE,31009,100
Boone County,NE,31011,100
Box Butte County,NE,31013,25
Boyd County,NE,31015,100
Brown County,NE,31017,100
Buffalo County,NE,31019,32.3
Burt County,NE,31021,100
Butler County,NE,31023,65.7
Cass County,NE,31025,73
Cedar County,NE,31027,100
Chase County,NE,31029,100
Cherry County,NE,31031,52.5
Cheyenne County,NE,31033,36.3
Clay County,NE,31035,100
Colfax County,NE,31037,40.5
Cuming County,NE,31039,65.2
Custer County,NE,31041,67.7
Dakota County,NE,31043,21.1
Dawes County,NE,31045,39.9
Dawson County,NE,31047,26.7
Deuel County,NE,31049,100
Dixon County,NE,31051,100
Dodge County,NE,31053,25.1
Douglas County,NE,31055,2.2
Dundy County,NE,31057,100
Fillmore County,NE,31059,100
Franklin County,NE,31061,100
Frontier County,NE,31063,100
Furnas County,NE,31065,100
Gage County,NE,31067,44.4
Garden County,NE,31069,100
Garfield County,NE,31071,100
Gosper County,NE,31073,100
Grant County,NE,31075,100
Greeley County,NE,31077,100
Hall County,NE,31079,14.6
Hamilton County,NE,31081,51.1
Harlan County,NE,31083,100
Hayes County,NE,31085,100
Hitchcock County,NE,31087,100
Holt County,NE,31089,64.7
Hooker County,NE,31091,100
Howard County,NE,31093,100
Jefferson County,NE,31095,48.2
Johnson County,NE,31097,100
Kearney County,NE,31099,54.6
Keith County,NE,31101,47.1
Keya Paha County,NE,31103,100
Kimball County,NE,31105,100
Knox County,NE,31107,100
Lancaster County,NE,31109,8.3
Lincoln County,NE,31111,30.5
Logan County,NE,31113,100
Loup County,NE,31115,100
McPherson County,NE,31117,100
Madison County,NE,31119,27.9
Merrick County,NE,31121,58.9
Morrill County,NE,31123,100
Nance County,NE,31125,100
Nemaha County,NE,31127,52.1
Nuckolls County,NE,31129,100
Otoe County,NE,31131,55.1
Pawnee County,NE,31133,100
Perkins County,NE,31135,100
Phelps County,NE,31137,41.9
Pierce County,NE,31139,100
Platte County,NE,31141,31.4
Polk County,NE,31143,100
Red Willow County,NE,31145,31.6
Richardson County,NE,31147,50.6
Rock County,NE,31149,100
Saline County,NE,31151,51.1
Sarpy County,NE,31153,5.3
Saunders County,NE,31155,66.5
Scotts Bluff County,NE,31157,29.8
Seward County,NE,31159,60.4
Sheridan County,NE,31161,100
Sherman County,NE,31163,100
Sioux County,NE,31165,100
Stanton County,NE,31167,73.5
Thayer County,NE,31169,100
Thomas County,NE,31171,100
Thurston County,NE,31173,100
Valley County,NE,31175,100
Washington County,NE,31177,61.2
Wayne County,NE,31179,42.1
Webster County,NE,31181,100
Wheeler County,NE,31183,100
York County,NE,31185,44.1
Churchill County,NV,32001,34.7
Clark County,NV,32003,1.3
Douglas County,NV,32005,31.6
Elko County,NV,32007,37.9
Esmeralda County,NV,32009,100
Eureka County,NV,32011,100
Humboldt County,NV,32013,37.9
Lander County,NV,32015,39
Lincoln County,NV,32017,100
Lyon County,NV,32019,36.9
Mineral County,NV,32021,31.9
Nye County,NV,32023,35.3
Pershing County,NV,32027,100
Storey County,NV,32029,92.6
Washoe County,NV,32031,4.3
White Pine County,NV,32033,53.3
Carson City,NV,32510,4.8
Belknap County,NH,33001,66.3
Carroll County,NH,33003,90.2
Cheshire County,NH,33005,65
Coos County,NH,33007,66.2
Grafton County,NH,33009,68.7
Hillsborough County,NH,33011,21.2
Merrimack County,NH,33013,54.6
Rockingham County,NH,33015,24.9
Strafford County,NH,33017,32.4
Sullivan County,NH,33019,64.2
Atlantic County,NJ,34001,12.7
Bergen County,NJ,34003,0.1
Burlington County,NJ,34005,6.7
Camden County,NJ,34007,1.6
Cape May County,NJ,34009,17.5
Cumberland County,NJ,34011,23
Essex County,NJ,34013,0
Gloucester County,NJ,34015,8.3
Hudson County,NJ,34017,0
Hunterdon County,NJ,34019,49.9
Mercer County,NJ,34021,3.5
Middlesex County,NJ,34023,0.7
Monmouth County,NJ,34025,3.7
Morris County,NJ,34027,6.8
Ocean County,NJ,34029,2.9
Passaic County,NJ,34031,2.4
Salem County,NJ,34033,45.3
Somerset County,NJ,34035,5.8
Sussex County,NJ,34037,39.8
Union County,NJ,34039,0
Warren County,NJ,34041,37.6
Bernalillo County,NM,35001,4.2
Catron County,NM,35003,100
Chaves County,NM,35005,24.2
Cibola County,NM,35006,55.3
Colfax County,NM,35007,52.4
Curry County,NM,35009,14.1
De Baca County,NM,35011,100
Do�a Ana County,NM,35013,19.3
Eddy County,NM,35015,20.9
Grant County,NM,35017,42.4
Guadalupe County,NM,35019,44.1
Harding County,NM,35021,100
Hidalgo County,NM,35023,100
Lea County,NM,35025,21
Lincoln County,NM,35027,53.2
Los Alamos County,NM,35028,11.2
Luna County,NM,35029,40.6
McKinley County,NM,35031,57.4
Mora County,NM,35033,100
Otero County,NM,35035,29.6
Quay County,NM,35037,41.6
Rio Arriba County,NM,35039,49.8
Roosevelt County,NM,35041,36.5
Sandoval County,NM,35043,17.1
San Juan County,NM,35045,33.7
San Miguel County,NM,35047,46.9
Santa Fe County,NM,35049,25.2
Sierra County,NM,35051,34
Socorro County,NM,35053,49.7
Taos County,NM,35055,58.4
Torrance County,NM,35057,98.8
Union County,NM,35059,100
Valencia County,NM,35061,16.7
Albany County,NY,36001,9.7
Allegany County,NY,36003,78.7
Bronx County,NY,36005,0
Broome County,NY,36007,26.1
Cattaraugus County,NY,36009,61.8
Cayuga County,NY,36011,55.8
Chautauqua County,NY,36013,43.9
Chemung County,NY,36015,24.2
Chenango County,NY,36017,83.4
Clinton County,NY,36019,64.2
Columbia County,NY,36021,73.3
Cortland County,NY,36023,44.3
Delaware County,NY,36025,78.4
Dutchess County,NY,36027,25.4
Erie County,NY,36029,9.4
Essex County,NY,36031,74.9
Franklin County,NY,36033,62.7
Fulton County,NY,36035,50.4
Genesee County,NY,36037,59.9
Greene County,NY,36039,73.1
Hamilton County,NY,36041,100
Herkimer County,NY,36043,51.8
Jefferson County,NY,36045,48
Kings County,NY,36047,0
Lewis County,NY,36049,86.8
Livingston County,NY,36051,54.7
Madison County,NY,36053,58.9
Monroe County,NY,36055,6.4
Montgomery County,NY,36057,40.9
Nassau County,NY,36059,0.2
New York County,NY,36061,0
Niagara County,NY,36063,22.4
Oneida County,NY,36065,33
Onondaga County,NY,36067,12.6
Ontario County,NY,36069,47.5
Orange County,NY,36071,22.3
Orleans County,NY,36073,60.9
Oswego County,NY,36075,61.8
Otsego County,NY,36077,70.6
Putnam County,NY,36079,20.5
Queens County,NY,36081,0
Rensselaer County,NY,36083,30.5
Richmond County,NY,36085,0
Rockland County,NY,36087,0.7
St. Lawrence County,NY,36089,62
Saratoga County,NY,36091,30
Schenectady County,NY,36093,8.2
Schoharie County,NY,36095,82.8
Schuyler County,NY,36097,81.2
Seneca County,NY,36099,58.7
Steuben County,NY,36101,60.4
Suffolk County,NY,36103,2.6
Sullivan County,NY,36105,74.2
Tioga County,NY,36107,65.7
Tompkins County,NY,36109,43.3
Ulster County,NY,36111,46
Warren County,NY,36113,33.9
Washington County,NY,36115,67.9
Wayne County,NY,36117,60.7
Westchester County,NY,36119,3.3
Wyoming County,NY,36121,64.1
Yates County,NY,36123,71.2
Alamance County,NC,37001,28.6
Alexander County,NC,37003,72.8
Alleghany County,NC,37005,100
Anson County,NC,37007,78.5
Ashe County,NC,37009,84.9
Avery County,NC,37011,88.8
Beaufort County,NC,37013,65.6
Bertie County,NC,37015,83.2
Bladen County,NC,37017,91.2
Brunswick County,NC,37019,43
Buncombe County,NC,37021,24.1
Burke County,NC,37023,42.7
Cabarrus County,NC,37025,19.3
Caldwell County,NC,37027,34.4
Camden County,NC,37029,99.5
Carteret County,NC,37031,32.6
Caswell County,NC,37033,99.2
Catawba County,NC,37035,30.3
Chatham County,NC,37037,65.9
Cherokee County,NC,37039,100
Chowan County,NC,37041,67.6
Clay County,NC,37043,100
Cleveland County,NC,37045,55.8
Columbus County,NC,37047,80.6
Craven County,NC,37049,27.7
Cumberland County,NC,37051,13.4
Currituck County,NC,37053,98.3
Dare County,NC,37055,29
Davidson County,NC,37057,47.4
Davie County,NC,37059,70.3
Duplin County,NC,37061,86.5
Durham County,NC,37063,5.6
Edgecombe County,NC,37065,45.3
Forsyth County,NC,37067,7.3
Franklin County,NC,37069,85.3
Gaston County,NC,37071,19.6
Gates County,NC,37073,100
Graham County,NC,37075,100
Granville County,NC,37077,57
Greene County,NC,37079,100
Guilford County,NC,37081,12.7
Halifax County,NC,37083,54.7
Harnett County,NC,37085,55.9
Haywood County,NC,37087,55.4
Henderson County,NC,37089,33.3
Hertford County,NC,37091,68.6
Hoke County,NC,37093,43.2
Hyde County,NC,37095,100
Iredell County,NC,37097,37.9
Jackson County,NC,37099,73.1
Johnston County,NC,37101,52
Jones County,NC,37103,100
Lee County,NC,37105,42.8
Lenoir County,NC,37107,45
Lincoln County,NC,37109,54.6
McDowell County,NC,37111,70.3
Macon County,NC,37113,80
Madison County,NC,37115,90.6
Martin County,NC,37117,78.1
Mecklenburg County,NC,37119,1.1
Mitchell County,NC,37121,82.6
Montgomery County,NC,37123,76.8
Moore County,NC,37125,50.7
Nash County,NC,37127,47.6
New Hanover County,NC,37129,2.2
Northampton County,NC,37131,89.4
Onslow County,NC,37133,26.3
Orange County,NC,37135,28.5
Pamlico County,NC,37137,100
Pasquotank County,NC,37139,41.3
Pender County,NC,37141,68.8
Perquimans County,NC,37143,100
Person County,NC,37145,75.5
Pitt County,NC,37147,25.4
Polk County,NC,37149,92.3
Randolph County,NC,37151,56.2
Richmond County,NC,37153,45.5
Robeson County,NC,37155,62.6
Rockingham County,NC,37157,61.9
Rowan County,NC,37159,38.8
Rutherford County,NC,37161,61
Sampson County,NC,37163,85
Scotland County,NC,37165,48.4
Stanly County,NC,37167,67.7
Stokes County,NC,37169,75.7
Surry County,NC,37171,68.8
Swain County,NC,37173,100
Transylvania County,NC,37175,59.6
Tyrrell County,NC,37177,100
Union County,NC,37179,27.3
Vance County,NC,37181,54.1
Wake County,NC,37183,6.1
Warren County,NC,37185,100
Washington County,NC,37187,67.8
Watauga County,NC,37189,55.4
Wayne County,NC,37191,46.4
Wilkes County,NC,37193,72.8
Wilson County,NC,37195,38.7
Yadkin County,NC,37197,84.7
Yancey County,NC,37199,100
Adams County,ND,38001,100
Barnes County,ND,38003,39.6
Benson County,ND,38005,100
Billings County,ND,38007,100
Bottineau County,ND,38009,100
Bowman County,ND,38011,100
Burke County,ND,38013,100
Burleigh County,ND,38015,18.5
Cass County,ND,38017,10.4
Cavalier County,ND,38019,100
Dickey County,ND,38021,100
Divide County,ND,38023,100
Dunn County,ND,38025,100
Eddy County,ND,38027,100
Emmons County,ND,38029,100
Foster County,ND,38031,100
Golden Valley County,ND,38033,100
Grand Forks County,ND,38035,16.8
Grant County,ND,38037,100
Griggs County,ND,38039,100
Hettinger County,ND,38041,100
Kidder County,ND,38043,100
LaMoure County,ND,38045,100
Logan County,ND,38047,100
McHenry County,ND,38049,100
McIntosh County,ND,38051,100
McKenzie County,ND,38053,100
McLean County,ND,38055,100
Mercer County,ND,38057,65
Morton County,ND,38059,31.9
Mountrail County,ND,38061,100
Nelson County,ND,38063,100
Oliver County,ND,38065,100
Pembina County,ND,38067,100
Pierce County,ND,38069,35.2
Ramsey County,ND,38071,35
Ransom County,ND,38073,100
Renville County,ND,38075,100
Richland County,ND,38077,52
Rolette County,ND,38079,100
Sargent County,ND,38081,100
Sheridan County,ND,38083,100
Sioux County,ND,38085,100
Slope County,ND,38087,100
Stark County,ND,38089,27.3
Steele County,ND,38091,100
Stutsman County,ND,38093,27.6
Towner County,ND,38095,100
Traill County,ND,38097,100
Walsh County,ND,38099,62.1
Ward County,ND,38101,21.9
Wells County,ND,38103,100
Williams County,ND,38105,32.5
Adams County,OH,39001,89
Allen County,OH,39003,25.9
Ashland County,OH,39005,61.9
Ashtabula County,OH,39007,46.4
Athens County,OH,39009,43.2
Auglaize County,OH,39011,39.1
Belmont County,OH,39013,54.7
Brown County,OH,39015,76.6
Butler County,OH,39017,9.3
Carroll County,OH,39019,71
Champaign County,OH,39021,70.8
Clark County,OH,39023,23.6
Clermont County,OH,39025,22.7
Clinton County,OH,39027,54.6
Columbiana County,OH,39029,43.9
Coshocton County,OH,39031,61.5
Crawford County,OH,39033,35.3
Cuyahoga County,OH,39035,0.6
Darke County,OH,39037,66.3
Defiance County,OH,39039,43.9
Delaware County,OH,39041,19.3
Erie County,OH,39043,26.5
Fairfield County,OH,39045,34.7
Fayette County,OH,39047,47.8
Franklin County,OH,39049,1.4
Fulton County,OH,39051,56.2
Gallia County,OH,39053,81.4
Geauga County,OH,39055,64
Greene County,OH,39057,14.9
Guernsey County,OH,39059,61.4
Hamilton County,OH,39061,2.2
Hancock County,OH,39063,31.1
Hardin County,OH,39065,55.4
Harrison County,OH,39067,84.1
Henry County,OH,39069,69.1
Highland County,OH,39071,73
Hocking County,OH,39073,70.8
Holmes County,OH,39075,93
Huron County,OH,39077,50.3
Jackson County,OH,39079,64.6
Jefferson County,OH,39081,39
Knox County,OH,39083,55.7
Lake County,OH,39085,6.5
Lawrence County,OH,39087,45.9
Licking County,OH,39089,35.5
Logan County,OH,39091,56.9
Lorain County,OH,39093,11.7
Lucas County,OH,39095,4.7
Madison County,OH,39097,48.5
Mahoning County,OH,39099,15.2
Marion County,OH,39101,30.3
Medina County,OH,39103,29.8
Meigs County,OH,39105,81.3
Mercer County,OH,39107,61.4
Miami County,OH,39109,30.8
Monroe County,OH,39111,97.7
Montgomery County,OH,39113,4.3
Morgan County,OH,39115,81.5
Morrow County,OH,39117,88.8
Muskingum County,OH,39119,47
Noble County,OH,39121,62.5
Ottawa County,OH,39123,49.4
Paulding County,OH,39125,81.9
Perry County,OH,39127,75.2
Pickaway County,OH,39129,49.9
Pike County,OH,39131,74.2
Portage County,OH,39133,32.8
Preble County,OH,39135,69.2
Putnam County,OH,39137,84.7
Richland County,OH,39139,32.1
Ross County,OH,39141,58.7
Sandusky County,OH,39143,44.1
Scioto County,OH,39145,54.3
Seneca County,OH,39147,47.5
Shelby County,OH,39149,51.1
Stark County,OH,39151,13.5
Summit County,OH,39153,3.9
Trumbull County,OH,39155,27.3
Tuscarawas County,OH,39157,41.6
Union County,OH,39159,50
Van Wert County,OH,39161,50.7
Vinton County,OH,39163,100
Warren County,OH,39165,17.3
Washington County,OH,39167,56.6
Wayne County,OH,39169,51
Williams County,OH,39171,63.6
Wood County,OH,39173,29.5
Wyandot County,OH,39175,57.4
Adair County,OK,40001,83.3
Alfalfa County,OK,40003,100
Atoka County,OK,40005,100
Beaver County,OK,40007,100
Beckham County,OK,40009,32.7
Blaine County,OK,40011,57.4
Bryan County,OK,40013,61.3
Caddo County,OK,40015,80
Canadian County,OK,40017,22.5
Carter County,OK,40019,56.1
Cherokee County,OK,40021,60
Choctaw County,OK,40023,66.9
Cimarron County,OK,40025,100
Cleveland County,OK,40027,16.9
Coal County,OK,40029,100
Comanche County,OK,40031,21.8
Cotton County,OK,40033,59.5
Craig County,OK,40035,60.1
Creek County,OK,40037,53.9
Custer County,OK,40039,30.3
Delaware County,OK,40041,81.1
Dewey County,OK,40043,100
Ellis County,OK,40045,100
Garfield County,OK,40047,21.4
Garvin County,OK,40049,68.7
Grady County,OK,40051,63.9
Grant County,OK,40053,100
Greer County,OK,40055,52.7
Harmon County,OK,40057,100
Harper County,OK,40059,100
Haskell County,OK,40061,77.7
Hughes County,OK,40063,58.8
Jackson County,OK,40065,24.8
Jefferson County,OK,40067,100
Johnston County,OK,40069,100
Kay County,OK,40071,24.5
Kingfisher County,OK,40073,72.4
Kiowa County,OK,40075,61.7
Latimer County,OK,40077,73.3
Le Flore County,OK,40079,72.9
Lincoln County,OK,40081,92.1
Logan County,OK,40083,55.4
Love County,OK,40085,100
McClain County,OK,40087,77.2
McCurtain County,OK,40089,69.3
McIntosh County,OK,40091,87.3
Major County,OK,40093,100
Marshall County,OK,40095,72.1
Mayes County,OK,40097,77.4
Murray County,OK,40099,45.7
Muskogee County,OK,40101,41.1
Noble County,OK,40103,56.3
Nowata County,OK,40105,57.9
Okfuskee County,OK,40107,74.1
Oklahoma County,OK,40109,6.3
Okmulgee County,OK,40111,48.6
Osage County,OK,40113,59.5
Ottawa County,OK,40115,49.3
Pawnee County,OK,40117,81.1
Payne County,OK,40119,33.7
Pittsburg County,OK,40121,51.9
Pontotoc County,OK,40123,53.6
Pottawatomie County,OK,40125,50.7
Pushmataha County,OK,40127,100
Roger Mills County,OK,40129,100
Rogers County,OK,40131,50.3
Seminole County,OK,40133,64.7
Sequoyah County,OK,40135,66.6
Stephens County,OK,40137,43.3
Texas County,OK,40139,45.1
Tillman County,OK,40141,51.2
Tulsa County,OK,40143,4.8
Wagoner County,OK,40145,37.5
Washington County,OK,40147,23.9
Washita County,OK,40149,75.3
Woods County,OK,40151,36.7
Woodward County,OK,40153,43.5
Baker County,OR,41001,41
Benton County,OR,41003,18.8
Clackamas County,OR,41005,18.1
Clatsop County,OR,41007,39
Columbia County,OR,41009,43.6
Coos County,OR,41011,38.4
Crook County,OR,41013,48
Curry County,OR,41015,38.7
Deschutes County,OR,41017,27.6
Douglas County,OR,41019,41.2
Gilliam County,OR,41021,100
Grant County,OR,41023,100
Harney County,OR,41025,44.3
Hood River County,OR,41027,52.2
Jackson County,OR,41029,20.1
Jefferson County,OR,41031,63.1
Josephine County,OR,41033,45
Klamath County,OR,41035,37.6
Lake County,OR,41037,63.3
Lane County,OR,41039,17.5
Lincoln County,OR,41041,37.6
Linn County,OR,41043,31.6
Malheur County,OR,41045,48.4
Marion County,OR,41047,13.1
Morrow County,OR,41049,45.9
Multnomah County,OR,41051,1.3
Polk County,OR,41053,19.9
Sherman County,OR,41055,100
Tillamook County,OR,41057,69.6
Umatilla County,OR,41059,29.1
Union County,OR,41061,42.1
Wallowa County,OR,41063,100
Wasco County,OR,41065,33.1
Washington County,OR,41067,5.6
Wheeler County,OR,41069,100
Yamhill County,OR,41071,22.6
Adams County,PA,42001,53.7
Allegheny County,PA,42003,2.5
Armstrong County,PA,42005,67.5
Beaver County,PA,42007,25.8
Bedford County,PA,42009,83.8
Berks County,PA,42011,23.7
Blair County,PA,42013,23.4
Bradford County,PA,42015,72.2
Bucks County,PA,42017,8.8
Butler County,PA,42019,42
Cambria County,PA,42021,32
Cameron County,PA,42023,47.4
Carbon County,PA,42025,47.2
Centre County,PA,42027,32.2
Chester County,PA,42029,13.3
Clarion County,PA,42031,76.6
Clearfield County,PA,42033,53.9
Clinton County,PA,42035,45.7
Columbia County,PA,42037,40.9
Crawford County,PA,42039,63.7
Cumberland County,PA,42041,22.2
Dauphin County,PA,42043,13.3
Delaware County,PA,42045,0.5
Elk County,PA,42047,55.7
Erie County,PA,42049,20
Fayette County,PA,42051,47.9
Forest County,PA,42053,100
Franklin County,PA,42055,40.4
Fulton County,PA,42057,100
Greene County,PA,42059,66.8
Huntingdon County,PA,42061,68.7
Indiana County,PA,42063,60.1
Jefferson County,PA,42065,61.5
Juniata County,PA,42067,82.3
Lackawanna County,PA,42069,16.3
Lancaster County,PA,42071,21.3
Lawrence County,PA,42073,40.3
Lebanon County,PA,42075,26.6
Lehigh County,PA,42077,7.9
Luzerne County,PA,42079,20
Lycoming County,PA,42081,36.3
McKean County,PA,42083,63.5
Mercer County,PA,42085,44.5
Mifflin County,PA,42087,50.5
Monroe County,PA,42089,38.4
Montgomery County,PA,42091,2.9
Montour County,PA,42093,53.8
Northampton County,PA,42095,12.8
Northumberland County,PA,42097,34.9
Perry County,PA,42099,88.5
Philadelphia County,PA,42101,0
Pike County,PA,42103,70.8
Potter County,PA,42105,100
Schuylkill County,PA,42107,36.5
Snyder County,PA,42109,66.8
Somerset County,PA,42111,70.8
Sullivan County,PA,42113,100
Susquehanna County,PA,42115,84
Tioga County,PA,42117,90.1
Union County,PA,42119,42.8
Venango County,PA,42121,54.8
Warren County,PA,42123,55
Washington County,PA,42125,30.8
Wayne County,PA,42127,88.1
Westmoreland County,PA,42129,25.4
Wyoming County,PA,42131,83.5
York County,PA,42133,24.7
Bristol County,RI,44001,1.1
Kent County,RI,44003,8
Newport County,RI,44005,12.1
Providence County,RI,44007,5.5
Washington County,RI,44009,30.8
Abbeville County,SC,45001,78.6
Aiken County,SC,45003,37
Allendale County,SC,45005,68.3
Anderson County,SC,45007,37.9
Bamberg County,SC,45009,54.5
Barnwell County,SC,45011,82.5
Beaufort County,SC,45013,19.6
Berkeley County,SC,45015,29
Calhoun County,SC,45017,100
Charleston County,SC,45019,10.9
Cherokee County,SC,45021,60.9
Chester County,SC,45023,71.8
Chesterfield County,SC,45025,73.8
Clarendon County,SC,45027,85.7
Colleton County,SC,45029,75.6
Darlington County,SC,45031,57.8
Dillon County,SC,45033,69.5
Dorchester County,SC,45035,19.5
Edgefield County,SC,45037,73.3
Fairfield County,SC,45039,78.3
Florence County,SC,45041,38.5
Georgetown County,SC,45043,41.5
Greenville County,SC,45045,12.6
Greenwood County,SC,45047,39.8
Hampton County,SC,45049,78.5
Horry County,SC,45051,30.4
Jasper County,SC,45053,66.7
Kershaw County,SC,45055,57.8
Lancaster County,SC,45057,50
Laurens County,SC,45059,64.2
Lee County,SC,45061,72
Lexington County,SC,45063,25.3
McCormick County,SC,45065,100
Marion County,SC,45067,60.8
Marlboro County,SC,45069,55
Newberry County,SC,45071,67.8
Oconee County,SC,45073,64.9
Orangeburg County,SC,45075,63.8
Pickens County,SC,45077,35.8
Richland County,SC,45079,9.1
Saluda County,SC,45081,80.5
Spartanburg County,SC,45083,27.4
Sumter County,SC,45085,32
Union County,SC,45087,65.4
Williamsburg County,SC,45089,81.9
York County,SC,45091,23
Aurora County,SD,46003,100
Beadle County,SD,46005,27.4
Bennett County,SD,46007,100
Bon Homme County,SD,46009,100
Brookings County,SD,46011,29.7
Brown County,SD,46013,28.9
Brule County,SD,46015,100
Buffalo County,SD,46017,100
Butte County,SD,46019,48.2
Campbell County,SD,46021,100
Charles Mix County,SD,46023,100
Clark County,SD,46025,100
Clay County,SD,46027,24.3
Codington County,SD,46029,22.5
Corson County,SD,46031,100
Custer County,SD,46033,100
Davison County,SD,46035,23.3
Day County,SD,46037,100
Deuel County,SD,46039,100
Dewey County,SD,46041,64.1
Douglas County,SD,46043,100
Edmunds County,SD,46045,100
Fall River County,SD,46047,50
Faulk County,SD,46049,100
Grant County,SD,46051,55.4
Gregory County,SD,46053,100
Haakon County,SD,46055,100
Hamlin County,SD,46057,100
Hand County,SD,46059,100
Hanson County,SD,46061,100
Harding County,SD,46063,100
Hughes County,SD,46065,25.3
Hutchinson County,SD,46067,100
Hyde County,SD,46069,100
Jackson County,SD,46071,100
Jerauld County,SD,46073,100
Jones County,SD,46075,100
Kingsbury County,SD,46077,100
Lake County,SD,46079,44.9
Lawrence County,SD,46081,36.9
Lincoln County,SD,46083,29.3
Lyman County,SD,46085,100
McCook County,SD,46087,100
McPherson County,SD,46089,100
Marshall County,SD,46091,100
Meade County,SD,46093,38
Mellette County,SD,46095,100
Miner County,SD,46097,100
Minnehaha County,SD,46099,13.6
Moody County,SD,46101,100
Pennington County,SD,46103,20.8
Perkins County,SD,46105,100
Potter County,SD,46107,100
Roberts County,SD,46109,100
Sanborn County,SD,46111,100
Spink County,SD,46115,100
Stanley County,SD,46117,42.5
Sully County,SD,46119,100
Todd County,SD,46121,100
Tripp County,SD,46123,48.5
Turner County,SD,46125,100
Union County,SD,46127,61.4
Walworth County,SD,46129,36.4
Yankton County,SD,46135,34.8
Ziebach County,SD,46137,73.5
Anderson County,TN,47001,34.7
Bedford County,TN,47003,55.6
Benton County,TN,47005,78.5
Bledsoe County,TN,47007,100
Blount County,TN,47009,32.6
Bradley County,TN,47011,33
Campbell County,TN,47013,55
Cannon County,TN,47015,81.1
Carroll County,TN,47017,83.1
Carter County,TN,47019,41
Cheatham County,TN,47021,83
Chester County,TN,47023,65.2
Claiborne County,TN,47025,71.6
Clay County,TN,47027,100
Cocke County,TN,47029,67.5
Coffee County,TN,47031,47.3
Crockett County,TN,47033,67.4
Cumberland County,TN,47035,60.9
Davidson County,TN,47037,3.4
Decatur County,TN,47039,100
DeKalb County,TN,47041,78.4
Dickson County,TN,47043,67.8
Dyer County,TN,47045,42.9
Fayette County,TN,47047,79
Fentress County,TN,47049,100
Franklin County,TN,47051,69.6
Gibson County,TN,47053,47.7
Giles County,TN,47055,73.7
Grainger County,TN,47057,100
Greene County,TN,47059,65.2
Grundy County,TN,47061,100
Hamblen County,TN,47063,21.9
Hamilton County,TN,47065,10
Hancock County,TN,47067,100
Hardeman County,TN,47069,80.2
Hardin County,TN,47071,67.9
Hawkins County,TN,47073,57.9
Haywood County,TN,47075,47.4
Henderson County,TN,47077,76.4
Henry County,TN,47079,66.8
Hickman County,TN,47081,100
Houston County,TN,47083,100
Humphreys County,TN,47085,82.5
Jackson County,TN,47087,100
Jefferson County,TN,47089,59.5
Johnson County,TN,47091,85.2
Knox County,TN,47093,10.9
Lake County,TN,47095,100
Lauderdale County,TN,47097,58.7
Lawrence County,TN,47099,75.9
Lewis County,TN,47101,70.2
Lincoln County,TN,47103,72.5
Loudon County,TN,47105,40.6
McMinn County,TN,47107,60.3
McNairy County,TN,47109,85.3
Macon County,TN,47111,79.6
Madison County,TN,47113,25.8
Marion County,TN,47115,77
Marshall County,TN,47117,65.8
Maury County,TN,47119,41.6
Meigs County,TN,47121,100
Monroe County,TN,47123,76.1
Montgomery County,TN,47125,19.7
Moore County,TN,47127,99.9
Morgan County,TN,47129,99.9
Obion County,TN,47131,61.6
Overton County,TN,47133,84.2
Perry County,TN,47135,100
Pickett County,TN,47137,100
Polk County,TN,47139,100
Putnam County,TN,47141,35
Rhea County,TN,47143,68
Roane County,TN,47145,51
Robertson County,TN,47147,53.2
Rutherford County,TN,47149,17
Scott County,TN,47151,80.6
Sequatchie County,TN,47153,73.8
Sevier County,TN,47155,56.6
Shelby County,TN,47157,2.8
Smith County,TN,47159,82.9
Stewart County,TN,47161,100
Sullivan County,TN,47163,25.6
Sumner County,TN,47165,27.9
Tipton County,TN,47167,55.1
Trousdale County,TN,47169,100
Unicoi County,TN,47171,44.7
Union County,TN,47173,100
Van Buren County,TN,47175,100
Warren County,TN,47177,61.4
Washington County,TN,47179,26.4
Wayne County,TN,47181,100
Weakley County,TN,47183,67
White County,TN,47185,78.2
Williamson County,TN,47187,19.4
Wilson County,TN,47189,38.5
Anderson County,TX,48001,67.1
Andrews County,TX,48003,16.5
Angelina County,TX,48005,43.1
Aransas County,TX,48007,27.3
Archer County,TX,48009,89
Armstrong County,TX,48011,100
Atascosa County,TX,48013,60.7
Austin County,TX,48015,66.3
Bailey County,TX,48017,28.8
Bandera County,TX,48019,100
Bastrop County,TX,48021,63.9
Baylor County,TX,48023,100
Bee County,TX,48025,43
Bell County,TX,48027,15.2
Bexar County,TX,48029,4.5
Blanco County,TX,48031,100
Borden County,TX,48033,100
Bosque County,TX,48035,81.2
Bowie County,TX,48037,35.4
Brazoria County,TX,48039,22.5
Brazos County,TX,48041,12.1
Brewster County,TX,48043,34.9
Briscoe County,TX,48045,100
Brooks County,TX,48047,31.8
Brown County,TX,48049,40.4
Burleson County,TX,48051,76.7
Burnet County,TX,48053,55.7
Caldwell County,TX,48055,42.3
Calhoun County,TX,48057,44.7
Callahan County,TX,48059,72.2
Cameron County,TX,48061,8.4
Camp County,TX,48063,61.5
Carson County,TX,48065,95.2
Cass County,TX,48067,74
Castro County,TX,48069,45.8
Chambers County,TX,48071,45.7
Cherokee County,TX,48073,63
Childress County,TX,48075,33.1
Clay County,TX,48077,74.6
Cochran County,TX,48079,100
Coke County,TX,48081,100
Coleman County,TX,48083,51.5
Collin County,TX,48085,5.2
Collingsworth County,TX,48087,100
Colorado County,TX,48089,62.6
Comal County,TX,48091,46.1
Comanche County,TX,48093,71.5
Concho County,TX,48095,100
Cooke County,TX,48097,59
Coryell County,TX,48099,19.4
Cottle County,TX,48101,100
Crane County,TX,48103,10.7
Crockett County,TX,48105,22.7
Crosby County,TX,48107,100
Culberson County,TX,48109,100
Dallam County,TX,48111,23.5
Dallas County,TX,48113,0.7
Dawson County,TX,48115,16.3
Deaf Smith County,TX,48117,17.7
Delta County,TX,48119,100
Denton County,TX,48121,6.9
DeWitt County,TX,48123,49.6
Dickens County,TX,48125,100
Dimmit County,TX,48127,39.5
Donley County,TX,48129,100
Duval County,TX,48131,67
Eastland County,TX,48133,60.3
Ector County,TX,48135,9.5
Edwards County,TX,48137,100
Ellis County,TX,48139,32
El Paso County,TX,48141,2.2
Erath County,TX,48143,46.3
Falls County,TX,48145,67.4
Fannin County,TX,48147,70.5
Fayette County,TX,48149,67.1
Fisher County,TX,48151,100
Floyd County,TX,48153,53.3
Foard County,TX,48155,100
Fort Bend County,TX,48157,5.5
Franklin County,TX,48159,69.1
Freestone County,TX,48161,66.5
Frio County,TX,48163,22.2
Gaines County,TX,48165,63
Galveston County,TX,48167,6.1
Garza County,TX,48169,22.3
Gillespie County,TX,48171,53.7
Glasscock County,TX,48173,100
Goliad County,TX,48175,100
Gonzales County,TX,48177,65.3
Gray County,TX,48179,19.4
Grayson County,TX,48181,43.2
Gregg County,TX,48183,13.4
Grimes County,TX,48185,68.9
Guadalupe County,TX,48187,26.2
Hale County,TX,48189,23.1
Hall County,TX,48191,100
Hamilton County,TX,48193,64.4
Hansford County,TX,48195,40.3
Hardeman County,TX,48197,100
Hardin County,TX,48199,51.5
Harris County,TX,48201,1.2
Harrison County,TX,48203,56.1
Hartley County,TX,48205,57.3
Haskell County,TX,48207,47.6
Hays County,TX,48209,31.7
Hemphill County,TX,48211,27
Henderson County,TX,48213,60.1
Hidalgo County,TX,48215,5.1
Hill County,TX,48217,76.3
Hockley County,TX,48219,39.8
Hood County,TX,48221,32.8
Hopkins County,TX,48223,59.6
Houston County,TX,48225,73.5
Howard County,TX,48227,20.1
Hudspeth County,TX,48229,100
Hunt County,TX,48231,56.6
Hutchinson County,TX,48233,22.6
Irion County,TX,48235,100
Jack County,TX,48237,53.2
Jackson County,TX,48239,61.8
Jasper County,TX,48241,78.2
Jeff Davis County,TX,48243,100
Jefferson County,TX,48245,8.4
Jim Hogg County,TX,48247,17.4
Jim Wells County,TX,48249,40.1
Johnson County,TX,48251,37.9
Jones County,TX,48253,85.1
Karnes County,TX,48255,38.4
Kaufman County,TX,48257,48.8
Kendall County,TX,48259,58.2
Kenedy County,TX,48261,100
Kent County,TX,48263,100
Kerr County,TX,48265,41.1
Kimble County,TX,48267,44.3
King County,TX,48269,100
Kinney County,TX,48271,20.5
Kleberg County,TX,48273,18.9
Knox County,TX,48275,100
Lamar County,TX,48277,47.1
Lamb County,TX,48279,57.7
Lampasas County,TX,48281,68.3
La Salle County,TX,48283,46.4
Lavaca County,TX,48285,81.3
Lee County,TX,48287,69.7
Leon County,TX,48289,100
Liberty County,TX,48291,63.2
Limestone County,TX,48293,53.6
Lipscomb County,TX,48295,100
Live Oak County,TX,48297,100
Llano County,TX,48299,45.2
Loving County,TX,48301,100
Lubbock County,TX,48303,11.3
Lynn County,TX,48305,56.7
McCulloch County,TX,48307,35.3
McLennan County,TX,48309,23.4
McMullen County,TX,48311,100
Madison County,TX,48313,67.4
Marion County,TX,48315,100
Martin County,TX,48317,100
Mason County,TX,48319,100
Matagorda County,TX,48321,36.4
Maverick County,TX,48323,9.3
Medina County,TX,48325,61.6
Menard County,TX,48327,100
Midland County,TX,48329,12.3
Milam County,TX,48331,56.2
Mills County,TX,48333,100
Mitchell County,TX,48335,36.7
Montague County,TX,48337,58.9
Montgomery County,TX,48339,22.7
Moore County,TX,48341,16.8
Morris County,TX,48343,78.4
Motley County,TX,48345,100
Nacogdoches County,TX,48347,46.5
Navarro County,TX,48349,52.7
Newton County,TX,48351,100
Nolan County,TX,48353,32.7
Nueces County,TX,48355,6.4
Ochiltree County,TX,48357,13.9
Oldham County,TX,48359,100
Orange County,TX,48361,35.2
Palo Pinto County,TX,48363,50.2
Panola County,TX,48365,72.7
Parker County,TX,48367,56.1
Parmer County,TX,48369,60
Pecos County,TX,48371,39.8
Polk County,TX,48373,77.6
Potter County,TX,48375,9
Presidio County,TX,48377,40.5
Rains County,TX,48379,93.2
Randall County,TX,48381,14.4
Reagan County,TX,48383,13.3
Real County,TX,48385,100
Red River County,TX,48387,75.7
Reeves County,TX,48389,14.5
Refugio County,TX,48391,60.7
Roberts County,TX,48393,100
Robertson County,TX,48395,73.9
Rockwall County,TX,48397,16
Runnels County,TX,48399,40.8
Rusk County,TX,48401,65.9
Sabine County,TX,48403,100
San Augustine County,TX,48405,100
San Jacinto County,TX,48407,100
San Patricio County,TX,48409,19.7
San Saba County,TX,48411,49.4
Schleicher County,TX,48413,100
Scurry County,TX,48415,31.7
Shackelford County,TX,48417,100
Shelby County,TX,48419,79.4
Sherman County,TX,48421,100
Smith County,TX,48423,31.6
Somervell County,TX,48425,100
Starr County,TX,48427,23.7
Stephens County,TX,48429,39.4
Sterling County,TX,48431,100
Stonewall County,TX,48433,100
Sutton County,TX,48435,18.8
Swisher County,TX,48437,37.6
Tarrant County,TX,48439,1.3
Taylor County,TX,48441,16
Terrell County,TX,48443,100
Terry County,TX,48445,24.7
Throckmorton County,TX,48447,100
Titus County,TX,48449,50.6
Tom Green County,TX,48451,15.6
Travis County,TX,48453,5.5
Trinity County,TX,48455,77.2
Tyler County,TX,48457,78.1
Upshur County,TX,48459,79.3
Upton County,TX,48461,100
Uvalde County,TX,48463,31.4
Val Verde County,TX,48465,10.2
Van Zandt County,TX,48467,75
Victoria County,TX,48469,26.6
Walker County,TX,48471,45.6
Waller County,TX,48473,61.6
Ward County,TX,48475,27.9
Washington County,TX,48477,53.5
Webb County,TX,48479,2.6
Wharton County,TX,48481,49.9
Wheeler County,TX,48483,100
Wichita County,TX,48485,10.7
Wilbarger County,TX,48487,21.9
Willacy County,TX,48489,34.6
Williamson County,TX,48491,12
Wilson County,TX,48493,85.9
Winkler County,TX,48495,18.1
Wise County,TX,48497,72.1
Wood County,TX,48499,74.2
Yoakum County,TX,48501,37.3
Young County,TX,48503,33.6
Zapata County,TX,48505,23.5
Zavala County,TX,48507,38
Beaver County,UT,49001,56.5
Box Elder County,UT,49003,31.1
Cache County,UT,49005,15.7
Carbon County,UT,49007,33.7
Daggett County,UT,49009,100
Davis County,UT,49011,0.9
Duchesne County,UT,49013,68.2
Emery County,UT,49015,73.6
Garfield County,UT,49017,100
Grand County,UT,49019,25.4
Iron County,UT,49021,22.6
Juab County,UT,49023,43.5
Kane County,UT,49025,54.9
Millard County,UT,49027,73.9
Morgan County,UT,49029,62.8
Piute County,UT,49031,100
Rich County,UT,49033,100
Salt Lake County,UT,49035,0.9
San Juan County,UT,49037,77.9
Sanpete County,UT,49039,40.9
Sevier County,UT,49041,64.7
Summit County,UT,49043,39.2
Tooele County,UT,49045,17.7
Uintah County,UT,49047,46.8
Utah County,UT,49049,3.3
Wasatch County,UT,49051,26.9
Washington County,UT,49053,15.2
Wayne County,UT,49055,100
Weber County,UT,49057,5.8
Addison County,VT,50001,78.4
Bennington County,VT,50003,64.5
Caledonia County,VT,50005,74.4
Chittenden County,VT,50007,26
Essex County,VT,50009,100
Franklin County,VT,50011,71.7
Grand Isle County,VT,50013,100
Lamoille County,VT,50015,100
Orange County,VT,50017,97.2
Orleans County,VT,50019,85.3
Rutland County,VT,50021,61
Washington County,VT,50023,52.8
Windham County,VT,50025,68.2
Windsor County,VT,50027,75.6
Accomack County,VA,51001,100
Albemarle County,VA,51003,45
Alleghany County,VA,51005,52.4
Amelia County,VA,51007,100
Amherst County,VA,51009,63.7
Appomattox County,VA,51011,100
Arlington County,VA,51013,0
Augusta County,VA,51015,66.4
Bath County,VA,51017,100
Bedford County,VA,51019,78.4
Bland County,VA,51021,100
Botetourt County,VA,51023,64.1
Brunswick County,VA,51025,75.5
Buchanan County,VA,51027,100
Buckingham County,VA,51029,100
Campbell County,VA,51031,61.1
Caroline County,VA,51033,78.4
Carroll County,VA,51035,97.1
Charles City County,VA,51036,100
Charlotte County,VA,51037,100
Chesterfield County,VA,51041,5.9
Clarke County,VA,51043,69.5
Craig County,VA,51045,100
Culpeper County,VA,51047,61.9
Cumberland County,VA,51049,96
Dickenson County,VA,51051,100
Dinwiddie County,VA,51053,71.2
Essex County,VA,51057,77.3
Fairfax County,VA,51059,1.4
Fauquier County,VA,51061,57.5
Floyd County,VA,51063,100
Fluvanna County,VA,51065,62.9
Franklin County,VA,51067,89.2
Frederick County,VA,51069,44.8
Giles County,VA,51071,66.3
Gloucester County,VA,51073,64.6
Goochland County,VA,51075,97
Grayson County,VA,51077,99.9
Greene County,VA,51079,51.2
Greensville County,VA,51081,87
Halifax County,VA,51083,77.1
Hanover County,VA,51085,39.1
Henrico County,VA,51087,4.3
Henry County,VA,51089,60.7
Highland County,VA,51091,100
Isle of Wight County,VA,51093,57.4
James City County,VA,51095,15.9
King and Queen County,VA,51097,100
King George County,VA,51099,73.2
King William County,VA,51101,83.2
Lancaster County,VA,51103,100
Lee County,VA,51105,99.6
Loudoun County,VA,51107,12.6
Louisa County,VA,51109,100
Lunenburg County,VA,51111,100
Madison County,VA,51113,100
Mathews County,VA,51115,100
Mecklenburg County,VA,51117,77.8
Middlesex County,VA,51119,100
Montgomery County,VA,51121,24.9
Nelson County,VA,51125,100
New Kent County,VA,51127,100
Northampton County,VA,51131,100
Northumberland County,VA,51133,100
Nottoway County,VA,51135,52.3
Orange County,VA,51137,57.8
Page County,VA,51139,80.2
Patrick County,VA,51141,100
Pittsylvania County,VA,51143,85.6
Powhatan County,VA,51145,99.7
Prince Edward County,VA,51147,63.2
Prince George County,VA,51149,53.4
Prince William County,VA,51153,4.2
Pulaski County,VA,51155,46.9
Rappahannock County,VA,51157,100
Richmond County,VA,51159,100
Roanoke County,VA,51161,18.5
Rockbridge County,VA,51163,91.6
Rockingham County,VA,51165,59.3
Russell County,VA,51167,88.2
Scott County,VA,51169,82.1
Shenandoah County,VA,51171,66.6
Smyth County,VA,51173,75.3
Southampton County,VA,51175,98
Spotsylvania County,VA,51177,32.3
Stafford County,VA,51179,19.8
Surry County,VA,51181,100
Sussex County,VA,51183,100
Tazewell County,VA,51185,51.9
Warren County,VA,51187,50.4
Washington County,VA,51191,71.7
Westmoreland County,VA,51193,78.8
Wise County,VA,51195,56.7
Wythe County,VA,51197,75.3
York County,VA,51199,6.1
Alexandria city,VA,51510,0
Bristol city,VA,51520,0
Buena Vista city,VA,51530,3.9
Charlottesville city,VA,51540,0
Chesapeake city,VA,51550,7.6
Colonial Heights city,VA,51570,0
Covington city,VA,51580,0
Danville city,VA,51590,4.5
Emporia city,VA,51595,6.3
Fairfax city,VA,51600,0
Falls Church city,VA,51610,0
Franklin city,VA,51620,3.3
Fredericksburg city,VA,51630,1.2
Galax city,VA,51640,13.7
Hampton city,VA,51650,0.2
Harrisonburg city,VA,51660,0
Hopewell city,VA,51670,0
Lexington city,VA,51678,0
Lynchburg city,VA,51680,2.7
Manassas city,VA,51683,0
Manassas Park city,VA,51685,0
Martinsville city,VA,51690,0
Newport News city,VA,51700,0
Norfolk city,VA,51710,0
Norton city,VA,51720,2.6
Petersburg city,VA,51730,2.1
Poquoson city,VA,51735,6.5
Portsmouth city,VA,51740,0
Radford city,VA,51750,2.9
Richmond city,VA,51760,0
Roanoke city,VA,51770,0
Salem city,VA,51775,0
Staunton city,VA,51790,3.7
Suffolk city,VA,51800,21.6
Virginia Beach city,VA,51810,1.5
Waynesboro city,VA,51820,2.5
Williamsburg city,VA,51830,0
Winchester city,VA,51840,0
Adams County,WA,53001,40.2
Asotin County,WA,53003,6.7
Benton County,WA,53005,10.6
Chelan County,WA,53007,27.2
Clallam County,WA,53009,35.5
Clark County,WA,53011,13.8
Columbia County,WA,53013,34.3
Cowlitz County,WA,53015,28.7
Douglas County,WA,53017,26.6
Ferry County,WA,53019,100
Franklin County,WA,53021,13.3
Garfield County,WA,53023,100
Grant County,WA,53025,38.7
Grays Harbor County,WA,53027,40.1
Island County,WA,53029,46.9
Jefferson County,WA,53031,57.5
King County,WA,53033,3.2
Kitsap County,WA,53035,16.7
Kittitas County,WA,53037,40.1
Klickitat County,WA,53039,60.2
Lewis County,WA,53041,60.7
Lincoln County,WA,53043,100
Mason County,WA,53045,63.7
Okanogan County,WA,53047,80
Pacific County,WA,53049,64.8
Pend Oreille County,WA,53051,83.1
Pierce County,WA,53053,6.6
San Juan County,WA,53055,100
Skagit County,WA,53057,29
Skamania County,WA,53059,100
Snohomish County,WA,53061,10.8
Spokane County,WA,53063,13.7
Stevens County,WA,53065,79.2
Thurston County,WA,53067,21
Wahkiakum County,WA,53069,100
Walla Walla County,WA,53071,17.1
Whatcom County,WA,53073,25.9
Whitman County,WA,53075,27.5
Yakima County,WA,53077,23.5
Barbour County,WV,54001,83.7
Berkeley County,WV,54003,31.6
Boone County,WV,54005,81.4
Braxton County,WV,54007,100
Brooke County,WV,54009,42.1
Cabell County,WV,54011,21.6
Calhoun County,WV,54013,100
Clay County,WV,54015,100
Doddridge County,WV,54017,100
Fayette County,WV,54019,57.9
Gilmer County,WV,54021,60.7
Grant County,WV,54023,78.7
Greenbrier County,WV,54025,69.7
Hampshire County,WV,54027,100
Hancock County,WV,54029,30.3
Hardy County,WV,54031,80.5
Harrison County,WV,54033,37
Jackson County,WV,54035,71.4
Jefferson County,WV,54037,48.4
Kanawha County,WV,54039,25.2
Lewis County,WV,54041,69
Lincoln County,WV,54043,100
Logan County,WV,54045,70.8
McDowell County,WV,54047,86
Marion County,WV,54049,41.5
Marshall County,WV,54051,49
Mason County,WV,54053,65
Mercer County,WV,54055,40.7
Mineral County,WV,54057,64.6
Mingo County,WV,54059,89.7
Monongalia County,WV,54061,26.9
Monroe County,WV,54063,88.5
Morgan County,WV,54065,100
Nicholas County,WV,54067,87.2
Ohio County,WV,54069,23.1
Pendleton County,WV,54071,100
Pleasants County,WV,54073,54.5
Pocahontas County,WV,54075,100
Preston County,WV,54077,90.5
Putnam County,WV,54079,35.8
Raleigh County,WV,54081,39.3
Randolph County,WV,54083,62.4
Ritchie County,WV,54085,100
Roane County,WV,54087,80
Summers County,WV,54089,72.1
Taylor County,WV,54091,59.7
Tucker County,WV,54093,100
Tyler County,WV,54095,91.1
Upshur County,WV,54097,64
Wayne County,WV,54099,65.2
Webster County,WV,54101,100
Wetzel County,WV,54103,53.9
Wirt County,WV,54105,100
Wood County,WV,54107,26.8
Wyoming County,WV,54109,88.9
Adams County,WI,55001,100
Ashland County,WI,55003,54.9
Barron County,WI,55005,65.9
Bayfield County,WI,55007,100
Brown County,WI,55009,14.5
Buffalo County,WI,55011,100
Burnett County,WI,55013,100
Calumet County,WI,55015,27.5
Chippewa County,WI,55017,46.1
Clark County,WI,55019,91.7
Columbia County,WI,55021,60.7
Crawford County,WI,55023,62.4
Dane County,WI,55025,12.3
Dodge County,WI,55027,48.6
Door County,WI,55029,69
Douglas County,WI,55031,38.8
Dunn County,WI,55033,59.3
Eau Claire County,WI,55035,23
Florence County,WI,55037,100
Fond du Lac County,WI,55039,35.1
Forest County,WI,55041,100
Grant County,WI,55043,64.5
Green County,WI,55045,60.2
Green Lake County,WI,55047,74.3
Iowa County,WI,55049,79.9
Iron County,WI,55051,67.8
Jackson County,WI,55053,72.2
Jefferson County,WI,55055,34.1
Juneau County,WI,55057,83.5
Kenosha County,WI,55059,10.7
Kewaunee County,WI,55061,72.3
La Crosse County,WI,55063,16.8
Lafayette County,WI,55065,100
Langlade County,WI,55067,59.2
Lincoln County,WI,55069,54
Manitowoc County,WI,55071,38.9
Marathon County,WI,55073,43
Marinette County,WI,55075,61.8
Marquette County,WI,55077,100
Menominee County,WI,55078,100
Milwaukee County,WI,55079,0.2
Monroe County,WI,55081,57.7
Oconto County,WI,55083,81.3
Oneida County,WI,55085,75
Outagamie County,WI,55087,24.7
Ozaukee County,WI,55089,24.9
Pepin County,WI,55091,100
Pierce County,WI,55093,53.6
Polk County,WI,55095,85.5
Portage County,WI,55097,36
Price County,WI,55099,100
Racine County,WI,55101,12.3
Richland County,WI,55103,72.1
Rock County,WI,55105,20.4
Rusk County,WI,55107,76.6
St. Croix County,WI,55109,53.2
Sauk County,WI,55111,46.1
Sawyer County,WI,55113,84.2
Shawano County,WI,55115,74.4
Sheboygan County,WI,55117,28.3
Taylor County,WI,55119,80.4
Trempealeau County,WI,55121,89.6
Vernon County,WI,55123,85.7
Vilas County,WI,55125,100
Walworth County,WI,55127,34.2
Washburn County,WI,55129,83.2
Washington County,WI,55131,30.8
Waukesha County,WI,55133,9.9
Waupaca County,WI,55135,64.9
Waushara County,WI,55137,89.5
Winnebago County,WI,55139,13.4
Wood County,WI,55141,36.7
Albany County,WY,56001,11.9
Big Horn County,WY,56003,100
Campbell County,WY,56005,29.1
Carbon County,WY,56007,41.6
Converse County,WY,56009,55.4
Crook County,WY,56011,100
Fremont County,WY,56013,51.4
Goshen County,WY,56015,46
Hot Springs County,WY,56017,31.5
Johnson County,WY,56019,49
Laramie County,WY,56021,19.8
Lincoln County,WY,56023,82.7
Natrona County,WY,56025,14.4
Niobrara County,WY,56027,100
Park County,WY,56029,44.2
Platte County,WY,56031,58.6
Sheridan County,WY,56033,35.5
Sublette County,WY,56035,100
Sweetwater County,WY,56037,10.9
Teton County,WY,56039,46.4
Uinta County,WY,56041,43.1
Washakie County,WY,56043,36
Weston County,WY,56045,54.5
